val,date,n,SMA30,SMA60,SMA90,SMA180,EMA,EMA0.3
,2019-11-13,1,,,,,,
,2019-11-14,2,,,,,,
,2019-11-15,3,,,,,,
,2019-11-16,4,,,,,,
,2019-11-17,5,,,,,,
210.18548461067488,2019-11-18,6,210.18548461067488,210.18548461067488,210.18548461067488,210.18548461067488,210.18548461067488,210.18548461067488
1728.7279636924452,2019-11-19,7,969.45672415156,969.45672415156,969.45672415156,969.45672415156,362.0397325188519,665.7482283352059
1216.2046249908396,2019-11-20,8,1051.70602443132,1051.70602443132,1051.70602443132,1051.70602443132,447.4562217660507,830.885147331896
1811.6583700609688,2019-11-21,9,1241.694110838732,1241.694110838732,1241.694110838732,1241.694110838732,583.8764365955425,1125.117114150618
4657.88283270133,2019-11-22,10,1924.9318552112516,1924.9318552112516,1924.9318552112516,1924.9318552112516,991.2770762061213,2184.9468297158314
2484.1753012953122,2019-11-23,11,2018.1390962252617,2018.1390962252617,2018.1390962252617,2018.1390962252617,1140.5668987150405,2274.7153711896754
3023.4187747626693,2019-11-24,12,2161.7504788734627,2161.7504788734627,2161.7504788734627,2161.7504788734627,1328.8520863198034,2499.3263922615733
4294.082051787871,2019-11-25,13,2428.291925487764,2428.291925487764,2428.291925487764,2428.291925487764,1625.3750828666102,3037.7530901194623
2499.810897255792,2019-11-26,14,2436.2384779064337,2436.2384779064337,2436.2384779064337,2436.2384779064337,1712.8186643055285,2876.3704322603608
2678.8414409190236,2019-11-27,15,2460.498774207693,2460.498774207693,2460.498774207693,2460.498774207693,1809.4209419668782,2817.111734857959
1660.3800839608793,2019-11-28,16,2387.7607114579823,2387.7607114579823,2387.7607114579823,2387.7607114579823,1794.5168561662783,2470.092239588835
1650.9696465626535,2019-11-29,17,2326.3614560500387,2326.3614560500387,2326.3614560500387,2326.3614560500387,1780.1621352059158,2224.3554616809806
1806.094812930607,2019-11-30,18,2286.3409450408512,2286.3409450408512,2286.3409450408512,2286.3409450408512,1782.755402978385,2098.8772670558683
1586.3010973311802,2019-12-01,19,2236.3380987758746,2236.3380987758746,2236.3380987758746,2236.3380987758746,1763.1099724136648,1945.1044161384618
1387.5315201307153,2019-12-02,20,2179.7509935328644,2179.7509935328644,2179.7509935328644,2179.7509935328644,1725.5521271853697,1777.8325473361378
780.2811033793175,2019-12-03,21,2092.2841253982674,2092.2841253982674,2092.2841253982674,2092.2841253982674,1631.0250248047646,1478.5671141490916
2320.6604610207696,2019-12-04,22,2105.718027493709,2105.718027493709,2105.718027493709,2105.718027493709,1699.9885684263652,1731.195118210595
406.5702047775062,2019-12-05,23,2011.3209262316975,2011.3209262316975,2011.3209262316975,2011.3209262316975,1570.6467320614793,1333.8076441806681
374.0953681814271,2019-12-06,24,1925.1511600185254,1925.1511600185254,1925.1511600185254,1925.1511600185254,1450.991595673474,1045.8939613808957
463.8653559480071,2019-12-07,25,1852.0868698149995,1852.0868698149995,1852.0868698149995,1852.0868698149995,1352.2789717009273,871.285379751029
548.2835337986658,2019-12-08,26,1790.0009966713649,1790.0009966713649,1790.0009966713649,1790.0009966713649,1271.879427910701,774.3848259653199
216.09018983081285,2019-12-09,27,1718.4595963604306,1718.4595963604306,1718.4595963604306,1718.4595963604306,1166.3005041027122,606.8964351249679
724.479259910542,2019-12-10,28,1675.2430599930442,1675.2430599930442,1675.2430599930442,1675.2430599930442,1122.1183796834953,642.1712825606401
409.9404987231211,2019-12-11,29,1622.522119940131,1622.522119940131,1622.522119940131,1622.522119940131,1050.900591587458,572.5020474093843
631.5429638888019,2019-12-12,30,1582.8829536980777,1582.8829536980777,1582.8829536980777,1582.8829536980777,1008.9648288175923,590.2143223532096
512.2123094080555,2019-12-13,31,1541.7033135330769,1541.7033135330769,1541.7033135330769,1541.7033135330769,959.2895768766386,566.8137184696634
618.2321227879937,2019-12-14,32,1507.5006768388146,1507.5006768388146,1507.5006768388146,1507.5006768388146,925.1838314677742,582.2392397651624
631.7852212672578,2019-12-15,33,1476.225124854116,1476.225124854116,1476.225124854116,1476.225124854116,895.8439704477225,597.103034215791
1108.0774185906434,2019-12-16,34,1463.5303763622721,1463.5303763622721,1463.5303763622721,1463.5303763622721,917.0673152620146,750.3953495282467
1924.5875026672672,2019-12-17,35,1478.8989472391052,1478.8989472391052,1478.8989472391052,1478.8989472391052,1017.8193340025399,1102.6529954699529
2255.440648499171,2019-12-18,36,1547.0741193687218,1503.948679537817,1503.948679537817,1503.948679537817,1141.581465452203,1448.4892913787182
1081.7995146704782,2019-12-19,37,1525.5098377346562,1490.7565181357127,1490.7565181357127,1490.7565181357127,1135.6032703740307,1338.482358366246
324.19749117609547,2019-12-20,38,1495.7762666074984,1455.406244591482,1455.406244591482,1455.406244591482,1054.4626924542372,1034.1968982092008
374.0008183024024,2019-12-21,39,1447.8543482155462,1423.6002026418032,1423.6002026418032,1423.6002026418032,986.4165050390537,836.1380742371612
904.8676140676178,2019-12-22,40,1322.7538409277556,1408.7792715396836,1408.7792715396836,1408.7792715396836,978.2616159419101,856.756936186298
671.4951192668135,2019-12-23,41,1262.3311681934724,1388.2991561987706,1388.2991561987706,1388.2991561987706,947.5849662744005,801.1783911104526
695.3840374900558,2019-12-24,42,1184.7300102843851,1369.5717205579945,1369.5717205579945,1369.5717205579945,922.364873395966,769.4400850243335
762.0771976427101,2019-12-25,43,1066.9965151462134,1353.5850225865397,1353.5850225865397,1353.5850225865397,906.3361058206405,767.2312188098465
817.8713684280502,2019-12-26,44,1010.9318641852884,1339.8487750440145,1339.8487750440145,1339.8487750440145,897.4896320813814,782.4232636953076
644.9987500142821,2019-12-27,45,943.137107821797,1322.477524418271,1322.477524418271,1322.477524418271,872.2405438746715,741.1959095909999
1248.0197792082915,2019-12-28,46,929.3917643300442,1320.661481852174,1320.661481852174,1320.661481852174,909.8184674080335,893.2430704761873
1628.9009362430586,2019-12-29,47,928.6561406527243,1328.0005164805284,1328.0005164805284,1328.0005164805284,981.726714291536,1113.9404302062487
1163.7971303974432,2019-12-30,48,907.2462179016188,1324.1818330832473,1324.1818330832473,1324.1818330832473,999.9337559021267,1128.897440263607
403.05186816929347,2019-12-31,49,867.804576929556,1303.2470611533847,1303.2470611533847,1303.2470611533847,940.2455671288434,911.1437686353129
460.9657887854567,2020-01-01,50,836.9190525513806,1284.5296995452084,1284.5296995452084,1284.5296995452084,892.3175892945047,776.090374680356
1067.4449811735878,2020-01-02,51,846.4911818111894,1279.8104665371297,1279.8104665371297,1279.8104665371297,909.830328482413,863.4967566283256
849.0837837568292,2020-01-03,52,797.4386259023915,1270.646069031166,1270.646069031166,1270.646069031166,903.7556740098547,859.1728647668765
722.4597418850537,2020-01-04,53,807.9682771393097,1259.2255205489553,1259.2255205489553,1259.2255205489553,885.6260807973746,818.1589279023297
1161.800769963661,2020-01-05,54,834.2251238653843,1257.2372603329288,1257.2372603329288,1257.2372603329288,913.2435497140033,921.251480520729
939.3095815373823,2020-01-06,55,850.0732647183634,1250.8787067570179,1250.8787067570179,1250.8787067570179,915.8501528963411,926.6689108257249
1251.6898583192456,2020-01-07,56,873.5201422023827,1250.8946116896107,1250.8946116896107,1250.8946116896107,949.4341234386317,1024.175195073781
1632.8722600647964,2020-01-08,57,920.7462112101822,1258.2403356968257,1258.2403356968257,1258.2403356968257,1017.7779371012481,1206.7843145710856
1716.8076622871686,2020-01-09,58,953.8238246227364,1266.8925494060775,1266.8925494060775,1266.8925494060775,1087.6809096198401,1359.7913188859104
1463.5481299924975,2020-01-10,59,988.9440789983823,1270.5343194169373,1270.5343194169373,1270.5343194169373,1125.267631657106,1390.9183622178864
1697.5084172306913,2020-01-11,60,1024.4762607764453,1278.2974848317328,1278.2974848317328,1278.2974848317328,1182.4917102144645,1482.8953787217279
1292.4638358852287,2020-01-12,61,1050.4846449923511,1278.5504553862595,1278.5504553862595,1278.5504553862595,1193.4889227815409,1425.7659158707781
1157.3458943809942,2020-01-13,62,1068.455104045451,1276.4240595791496,1276.4240595791496,1276.4240595791496,1189.8746199414861,1345.2399094238428
2596.825777300792,2020-01-14,63,1133.9564559132355,1299.1896064364194,1299.1896064364194,1299.1896064364194,1330.5697356774167,1720.7156697869277
1587.3303084120557,2020-01-15,64,1149.9315522406162,1304.073347147871,1304.073347147871,1304.073347147871,1356.2457929508807,1680.700061374466
938.332530827136,2020-01-16,65,1117.0563865126119,1297.9776668758584,1297.9776668758584,1297.9776668758584,1314.4544667385062,1457.989802210267
2739.94129133941,2020-01-17,66,1133.2064079406198,1340.1402636546707,1321.6164148178839,1321.6164148178839,1457.0031491985967,1842.5752489490098
3616.823487983184,2020-01-18,67,1217.7072070510435,1371.6085223928496,1358.6358837399048,1358.6358837399048,1672.9851830770554,2374.849720659262
2035.2129392753466,2020-01-19,68,1274.7410553210184,1385.2586609642578,1369.3752020817371,1369.3752020817371,1709.2079586968844,2272.9586862440874
683.0093202406117,2020-01-20,69,1285.0413387189587,1366.4478434672521,1358.6507351779696,1358.6507351779696,1606.5880948512572,1795.9738764430447
825.3138847544733,2020-01-21,70,1282.3895477418541,1302.5716943348045,1350.445552863762,1350.445552863762,1528.460673841579,1504.7758789364732
857.9030052116084,2020-01-22,71,1288.6031439400138,1275.4671560667427,1342.9827869902447,1342.9827869902447,1461.404906978582,1310.7140168190135
824.0167427315973,2020-01-23,72,1292.8909007813986,1238.8104555328916,1335.237025135638,1335.237025135638,1397.6660905538834,1164.7048345927885
1555.1361974673534,2020-01-24,73,1319.3262007755534,1193.161357960883,1338.4708364934575,1338.4708364934575,1413.4131012452303,1281.834243455158
913.9599017888065,2020-01-25,74,1322.5291518875783,1166.7305080364333,1332.3185041064335,1332.3185041064335,1363.4677812995878,1171.4719409552526
845.5215351283997,2020-01-26,75,1329.2132447247157,1136.175176273256,1325.3642616924615,1325.3642616924615,1311.6731566824692,1073.6868192071968
975.5325165256596,2020-01-27,76,1320.1303359686278,1124.761050149336,1320.437054014056,1320.437054014056,1278.0590926667883,1044.2405284027357
2185.8853239695345,2020-01-28,77,1338.696482226177,1133.6763114394505,1332.4571688745486,1332.4571688745486,1368.841715797063,1386.7339670727752
1680.1761500486216,2020-01-29,78,1355.9091162145498,1131.5776670580842,1337.220442589262,1337.220442589262,1399.975159222219,1474.766621965529
2552.640251506785,2020-01-30,79,1427.5620623257996,1147.6833196276777,1353.6450346016609,1353.6450346016609,1515.2416684506754,1798.1287108279057
2293.8952083400723,2020-01-31,80,1488.6597096442867,1162.7893810978337,1366.1817035848396,1366.1817035848396,1593.107022439615,1946.8586600815556
2088.175509337261,2020-02-01,81,1522.684060583076,1184.5876211971329,1375.6816220815822,1375.6816220815822,1642.6138711293797,1989.253714858267
2730.6731464324275,2020-02-02,82,1585.4037060055957,1191.4211659539938,1393.278914605619,1393.278914605619,1751.4197986596846,2211.679544330515
2077.673722924339,2020-02-03,83,1630.5775053735717,1219.272891256441,1402.0532070199617,1402.0532070199617,1784.0451910861502,2171.477797908662
1904.1689163706315,2020-02-04,84,1655.3231102538043,1244.7741170595943,1408.4091020750334,1408.4091020750334,1796.0575636145984,2091.2851334472525
2574.718441003573,2020-02-05,85,1709.8367389026773,1279.9550018105206,1422.9879688116403,1422.9879688116403,1873.923651353496,2236.3151257141485
3253.9140130791966,2020-02-06,86,1776.5775440613422,1325.0488431318627,1445.5919940495112,1445.5919940495112,2011.9226875260663,2541.594791923663
1850.8773925000457,2020-02-07,87,1783.8443818091837,1352.2952965096833,1450.534498908664,1450.534498908664,1995.818158023464,2334.3795720965777
2028.300516773903,2020-02-08,88,1794.2274769587416,1374.0256507907393,1457.4955352684863,1457.4955352684863,1999.066393898508,2242.555855499775
1606.0309403544911,2020-02-09,89,1798.976903970808,1393.9604914845954,1459.2638139004625,1459.2638139004625,1959.7628485441064,2051.59838095619
2454.491930123104,2020-02-10,90,1824.2096877338886,1424.342974255167,1470.97237997367,1470.97237997367,2009.2357567020063,2172.466445706264
3459.162914446143,2020-02-11,91,1896.4329903525856,1473.4588176724685,1494.0908745605593,1494.0908745605593,2154.22847247642,2558.4753863282276
5599.166061466294,2020-02-12,92,2044.493662588762,1556.4743833171071,1541.2756468238433,1541.2756468238433,2498.7222313754073,3470.6825888696476
4858.536483931838,2020-02-13,93,2119.8840194764634,1626.92023769485,1578.9717927000709,1578.9717927000709,2734.7036566310508,3887.0387573883045
4768.7972762467225,2020-02-14,94,2225.932918404286,1687.9322353224513,1614.8125284702578,1614.8125284702578,2938.113018592618,4151.56631304583
3750.976706212852,2020-02-15,95,2319.6877242504765,1718.3720553815442,1638.547686000731,1638.547686000731,3019.3993873546415,4031.389430995936
5742.735122850312,2020-02-16,96,2419.780851967507,1776.4936299540632,1700.0204597589493,1683.648646845232,3291.7329609042085,4544.793138552249
6330.216415063555,2020-02-17,97,2510.2272828701853,1863.9672449606144,1751.1481092186282,1734.1548182389095,3595.581306320143,5080.42012150564
3382.125920355961,2020-02-18,98,2555.1243822395395,1914.9327187802787,1775.2139013893518,1751.8749376165122,3574.235767723725,4570.931861160736
3241.468251338246,2020-02-19,99,2640.4063466094603,1962.7238426642095,1791.1006778479884,1767.7216749965307,3540.959016085177,4172.092778213989
3355.5932939786594,2020-02-20,100,2724.7489935835997,2003.569270662727,1776.6307940844033,1784.4361130910793,3522.4224438745255,3927.1429329433895
1834.5197157566927,2020-02-21,101,2757.3028839351023,2022.9530139375581,1769.41239868953,1784.9578172855129,3353.632171062742,3299.35596778738
1284.405204966009,2020-02-22,102,2772.649166009583,2032.7700333954906,1750.0900256917894,1779.7974810760334,3146.709474453069,2694.8707389409683
1702.6501795376494,2020-02-23,103,2777.5662987452597,2048.4462497604063,1721.2963382223425,1779.0102637133969,3002.303544961527,2397.2045711199726
2119.8031378594314,2020-02-24,104,2817.761073280947,2070.1451125842627,1717.074029784605,1782.4526159774985,2914.0535042513175,2313.98414114181
2591.2798306573404,2020-02-25,105,2875.953016465245,2102.5831305949805,1716.1011230039196,1790.540888124297,2881.77613689192,2397.172847996469
5567.963143523137,2020-02-26,106,3029.034037365161,2174.5821866668944,1759.5187125546113,1827.9411084747805,3150.394837555042,3348.409936654469
4488.590589145746,2020-02-27,107,3105.7908795377016,2222.2436808819393,1791.0478341388682,1854.025907304888,3284.2144127141128,3690.464132401852
3822.0370064614394,2020-02-28,108,3177.186241418129,2266.547678816339,1813.4471918447662,1873.1328111801945,3337.996672088845,3729.9359946197283
2467.2724003498743,2020-02-29,109,3174.340646379565,2300.9513543526823,1823.2357618783071,1878.8456918452875,3250.9242449149483,3351.1369163387717
2956.6243274991793,2020-03-01,110,3196.4316170182024,2342.545663331244,1840.6701264046233,1889.1102502800866,3221.4942531733714,3232.7831396868937
2250.276016386581,2020-03-02,111,3201.8349672531795,2362.2595139181276,1857.0034032158148,1892.5174744886383,3124.3724294946924,2938.0310026968
1883.217075816989,2020-03-03,112,3173.5864315659987,2379.4950687857972,1852.1429211579953,1892.4305548748846,3000.256894126922,2621.586824632857
1939.263666333045,2020-03-04,113,3168.9727630129555,2399.775134193264,1869.1728485086123,1892.8641947957935,2894.1575713475345,2416.889877142913
1991.0211474987425,2020-03-05,114,3171.8678373838925,2413.595473818849,1887.1386905010272,1893.7647172976556,2803.8439289626554,2289.1292582496617
1132.0240517870434,2020-03-06,115,3123.778024410008,2416.807381656343,1894.5626760103498,1886.83980215665,2636.661941245094,1941.997696310876
1808.3888899175029,2020-03-07,116,3075.593853637952,2426.085698849647,1908.5638466338921,1886.1330371815225,2553.834636112335,1901.915054392864
3785.1534857803385,2020-03-08,117,3140.0697234139616,2461.957052611573,1948.2201054777759,1903.0885769011547,2676.9665210791354,2466.886583809106
4844.795176351493,2020-03-09,118,3233.9528787332147,2514.090177845979,1994.0013934382312,1929.121378666202,2893.7493866063714,3180.259161571822
2962.1678965984042,2020-03-10,119,3279.157443941345,2539.067173956077,2022.3594756368454,1938.1831902270108,2900.591237605575,3114.8317820797965
3221.2527143370594,2020-03-11,120,3304.7161367484764,2564.4629122411834,2051.1340284196035,1949.34031652362,2932.6573852787237,3146.758061756975
6758.890477986294,2020-03-12,121,3414.707055533148,2655.570022942868,2120.5415636260286,1990.8019558465742,3315.2806945494813,4230.39778662577
6397.186418762371,2020-03-13,122,3441.307734109684,2742.900698349224,2184.7521669146327,2028.463361512521,3623.4712669707706,4880.43437626675
2827.8330257392167,2020-03-14,123,3373.6176188365966,2746.750819156531,2209.152698075432,2035.237680700883,3543.907442847615,4264.65397110849
3771.6576984067638,2020-03-15,124,3340.379632908598,2783.156275656443,2238.7480345178333,2049.8294455555542,3566.68246840353,4116.755089297972
4957.420557664802,2020-03-16,125,3380.5944279569967,2850.1410761037373,2272.4461795733614,2074.0593714897977,3705.7562773296577,4368.954729808021
2265.7419560988346,2020-03-17,126,3264.6946557319475,2842.237753849728,2272.560638546691,2075.643525081608,3561.7548452065757,3737.9908976952647
1340.3697279627252,2020-03-18,127,3098.3664328285868,2804.2968578493874,2275.433640916605,2069.616690678994,3339.616333482191,3018.7045467755024
1317.7309331218332,2020-03-19,128,3029.553266587449,2792.338824413496,2286.4729013826686,2063.503798341131,3137.427793446155,2508.412462679402
2434.403590011821,2020-03-20,129,3002.6511112099015,2821.5287289096823,2309.366265512773,2066.494925693314,3067.125373102722,2486.2098008791277
1780.7284867516632,2020-03-21,130,2950.155617635668,2837.452305609636,2319.0980529870403,2064.208794181781,2938.485684467616,2274.5654066408883
2150.7043367157457,2020-03-22,131,2960.6951050009698,2858.998994468038,2335.5337109586953,2064.8952667415742,2859.707549692429,2237.4070856633457
1359.750380761687,2020-03-23,132,2963.206610860826,2867.9278884352066,2342.9155592172688,2059.342944804725,2709.711832799355,1974.110074192848
1960.8053160459588,2020-03-24,133,2971.8117820777693,2874.6890404115165,2356.2347605328605,2058.5731195800468,2634.8211811240153,1970.118646748781
1432.40450037953,2020-03-25,134,2948.8984941617728,2883.3297837213618,2363.0629064434324,2053.7190992761666,2514.5795130495667,1808.8044028380057
140.14094857482553,2020-03-26,135,2867.1938647590223,2871.573440612135,2357.4533753163273,2038.9992673476947,2277.1356566020927,1308.2053665590515
1311.0090036190336,2020-03-27,136,2725.2953934288857,2877.164715397025,2358.1532555875574,2033.4420897619798,2180.522991303787,1309.046457677046
2167.423187666608,2020-03-28,137,2647.923146712914,2876.857013125309,2364.1368361589302,2034.4570980794392,2179.213010940069,1566.5594766739146
1550.685016850879,2020-03-29,138,2572.2114137258955,2874.6988275720137,2368.4355904528575,2030.8197140100515,2116.36021153115,1561.7971387270038
1588.9257692928866,2020-03-30,139,2542.933192690662,2858.6369195351153,2381.6119671320084,2027.5219980046993,2063.6167673073237,1569.9357278967686
1154.2588538165087,2020-03-31,140,2482.854343567907,2839.642980293056,2389.3152234101312,2021.0533821218237,1972.6809759582422,1445.2326656726905
981.5642553842367,2020-04-01,141,2440.5639515344956,2821.199459393839,2388.360993123583,2013.4100797193416,1873.5693039008418,1306.1321425861543
1122.0600155103964,2020-04-02,142,2415.1920495242753,2794.3892405451384,2391.3940623652893,2006.9038748711014,1798.4183750617972,1250.9105044634268
1521.987692032209,2020-04-03,143,2401.282850380914,2785.127806696936,2400.2777062558134,2003.3899894882106,1770.7753067588385,1332.2336607340615
1017.5271468160378,2020-04-04,144,2368.8330503581574,2770.3504438710265,2398.6746659986175,1996.2974510517201,1695.4504907645585,1237.8217065586543
882.7656956677743,2020-04-05,145,2360.5244384875145,2742.1512314487627,2398.0464006000666,1988.3436527989775,1614.18201125488,1131.3049032913902
3017.842427631017,2020-04-06,146,2400.8395564112984,2738.2167050246267,2417.670318036864,1995.6450625495595,1754.5480528924938,1697.266160593278
2950.723502104672,2020-04-07,147,2373.025223622109,2756.547473518037,2432.313109615085,2002.3709670534688,1874.1655978137117,2073.303363046696
2974.161123577868,2020-04-08,148,2310.670755196322,2772.311816964769,2446.283703629426,2009.1667024137791,1984.165150390127,2343.5606912060475
1578.0015054725468,2020-04-09,149,2264.531875492127,2771.8446597167367,2447.5554078014266,2006.1724996572427,1943.5487858983693,2113.8929354859974
3032.021084972,2020-04-10,150,2258.224154513292,2781.470145630885,2462.383326331885,2013.247317487,2052.3960158057325,2389.331380331798
1535.567899228693,2020-04-11,151,2084.113401888039,2749.410228710594,2465.0844825912573,2009.9755406496142,2000.7132041480286,2133.202336000866
1899.7441808969943,2020-04-12,152,1934.1986606258595,2687.753197367772,2473.3333524414347,2009.2256674540183,1990.6163018229252,2063.1648894697046
2512.285990522238,2020-04-13,153,1923.6804261186269,2648.649022477612,2472.3940214772288,2012.6247236909658,2042.7832706928566,2197.9012197854645
1715.4068929808918,2020-04-14,154,1855.1387326044312,2597.7591827565147,2473.8170946391047,2010.6299731492877,2010.0456329216604,2053.1529217440925
1644.4414448709485,2020-04-15,155,1744.7060955113027,2562.65026173415,2481.6627492395914,2008.1887162940989,1973.4852141165893,1930.5394786821494
3414.9990568826065,2020-04-16,156,1783.0146655374285,2523.854660634688,2489.1633910789606,2017.5053410662083,2117.636598393191,2375.8773521422863
1751.602593799027,2020-04-17,157,1796.722427731972,2447.5444302802794,2468.4387144769144,2015.7559808868189,2081.0331979337748,2188.5949246393084
1183.0499432176384,2020-04-18,158,1792.233061401832,2410.8931639946404,2458.97023674294,2010.3134577647982,1991.234872462161,1886.9314302128073
1112.8009250651228,2020-04-19,159,1748.1796392369422,2375.4153752234215,2463.745699018768,2004.4854543057093,1903.3914777224575,1654.6922786685018
1975.8384310718084,2020-04-20,160,1754.6833040476135,2352.419460841641,2476.5293050889604,2004.3006348009744,1910.6361730573926,1751.0361243894936
1260.2259168605958,2020-04-21,161,1725.000690052442,2342.8478975267058,2480.9995596628382,1999.530925070587,1845.595147437713,1603.7930621308242
1488.9327369350801,2020-04-22,162,1729.306768591555,2346.256689726191,2488.3875151539883,1996.2787073117622,1809.9289063874498,1569.334964572101
1979.977029615323,2020-04-23,163,1729.9458257105337,2350.8788038941516,2493.107968844521,1996.1755321364683,1826.9337187102371,1692.5275840850675
1006.0113842548633,2020-04-24,164,1715.7327218397113,2332.3156080007425,2494.130763094144,1989.9480846655147,1744.8414852647,1486.5727241360062
801.1051064383595,2020-04-25,165,1737.7648604351625,2302.479362597093,2493.63724721981,1982.5178160515948,1650.467847382066,1280.932438826712
887.6444199222143,2020-04-26,166,1723.6527076452687,2224.4740505370773,2492.660712813105,1975.7173601750148,1574.185504636081,1162.9460331553628
1605.1783718598576,2020-04-27,167,1704.9112137850436,2176.417180248979,2486.20841334522,1973.4300824693655,1577.284791358459,1295.6157347667113
936.1304833038955,2020-04-28,168,1684.426062666811,2128.318738196353,2477.9412392702784,1967.0662812474916,1513.1693605530027,1187.7701593278664
2380.892610984739,2020-04-29,169,1710.8249573898727,2126.8790750402677,2476.032932153367,1969.5896125263773,1599.9416855961763,1545.706894824928
3389.0971873597496,2020-04-30,170,1785.3195685079809,2134.0869560379438,2488.2018430313633,1978.1926887374887,1778.8572357725338,2098.7239825853744
2088.736014784469,2020-05-01,171,1822.2252938213219,2131.394622677909,2488.208070869666,1978.8586123883742,1809.8451136737274,2095.7275922451026
485.99698790942597,2020-05-02,172,1801.0231929012896,2108.1076212127828,2463.2672246638544,1969.9193212238297,1677.4603010972971,1612.8084109443996
2489.0690014857755,2020-05-03,173,1833.259236549742,2117.271043465328,2467.838283314537,1973.0094978920554,1758.621171136145,1875.6865881068125
2634.610778373514,2020-05-04,174,1887.1620242683246,2127.997537313241,2475.9543040034578,1976.9242983682768,1846.220131859882,2103.363845186823
688.5497185887659,2020-05-05,175,1880.688158365691,2120.606298426603,2454.996873754404,1969.345624369574,1730.4530905327704,1678.9196072074058
1919.0475775273035,2020-05-06,176,1844.0616633622337,2122.4506098867664,2440.1650244704942,1969.0514837447652,1749.3125392322238,1750.957998303375
2371.5826763579103,2020-05-07,177,1824.756969170675,2098.8910963963926,2445.9506387355814,1971.3917813762373,1811.5395529447924,1937.1454017197354
1560.7391528522596,2020-05-08,178,1777.6429034798211,2044.1568293380724,2440.7555124697856,1969.0180667604918,1786.4595129355391,1824.2235270594927
1942.6349800791443,2020-05-09,179,1789.7973526333744,2027.1646140627515,2444.4955573556153,1968.8664398255414,1802.0770596498996,1859.7469629653879
4586.344509266454,2020-05-10,180,1841.6081334431897,2049.9161439782415,2468.182808234986,1983.8234573652037,2080.503804611555,2677.726226855708
2318.9939243565154,2020-05-11,181,1867.7223342807838,1975.9178680844118,2455.5142639006567,1985.7278350185634,2104.352816586051,2570.10653610595
943.7967500306389,2020-05-12,182,1835.8574199185718,1885.0280402722162,2403.787938218038,1979.8412187191968,1988.29720993051,2082.2136002833563
1268.1237819902078,2020-05-13,183,1794.3853463008377,1859.0328862097326,2363.89446375202,1975.8428061533036,1916.2798671364797,1837.9866547954116
1103.3654654966406,2020-05-14,184,1773.983965384696,1814.5613489945638,2323.1674436325743,1970.9686310658362,1834.9884269724957,1617.6002980057801
1047.9066784140182,2020-05-15,185,1754.0994731694648,1749.402784340384,2293.1333322125874,1965.8405091066595,1756.280252116648,1446.6922121282514
492.02398538428366,2020-05-16,186,1656.6669707861874,1719.8408181618079,2234.792097351854,1967.4062785554017,1629.8546254434114,1160.291744105061
707.4140025575836,2020-05-17,187,1621.8606844114727,1709.2915560717224,2172.3165149906763,1961.7323121046525,1537.6105631548287,1024.4284216408178
678.725395886496,2020-05-18,188,1605.0498661671013,1698.6414637844669,2142.27873138546,1958.7463163874063,1451.7220464279953,920.7175139145212
576.0136880563387,2020-05-19,189,1587.1569582668085,1667.6682987518755,2112.6625695712164,1951.8816237096028,1364.1512105908298,817.3063661570665
269.93627668351184,2020-05-20,190,1530.293553120532,1642.488428584073,2078.377491601271,1927.5041428428374,1254.7297172000979,653.095339315
1289.1146857609772,2020-05-21,191,1531.2565120838779,1628.1286010681602,2072.3174357124294,1920.86491720098,1258.1682140561857,843.9011432487932
136.52263667098035,2020-05-22,192,1486.176175408408,1607.7414719999817,2059.5631849535957,1904.8266053226928,1146.003656317665,631.6875912754492
55.11188275212842,2020-05-23,193,1422.0140038463016,1575.9799147784179,2041.257203878201,1881.2767710502721,1036.9144789611114,458.71487871845295
577.6893589446192,2020-05-24,194,1407.736603002627,1561.7346624211693,2024.1226063347033,1870.5983180596545,990.9919669594623,494.4072227863028
232.21716440338295,2020-05-25,195,1388.773671601461,1563.269266018312,1997.9107989318813,1857.005960967901,915.1144867038543,415.7502052714268
476.7712113158434,2020-05-26,196,1375.0778979812485,1549.3653028132587,1941.3419996851337,1850.4303561198728,871.2801591650532,434.05650708475173
426.73122695932625,2020-05-27,197,1335.796326484564,1520.353770134804,1896.2102289941733,1843.629031566521,826.8252659444805,431.858923047124
827.299740320852,2020-05-28,198,1332.1686350517957,1508.2973488593038,1862.9353704815003,1838.1912811631335,826.8727133821177,550.4911682292424
1031.310691942619,2020-05-29,199,1287.1825710837252,1499.0037642367995,1846.9802403880863,1835.1080011331971,847.3165112381679,694.7370253432553
1236.628715556991,2020-05-30,200,1215.433622023633,1500.3765952658073,1827.8691780331728,1834.2696522188987,886.2477316700503,857.304532407376
576.5180774913107,2020-05-31,201,1165.0263574471944,1493.6258256342587,1809.2718676010034,1833.1376354084098,855.2747662521763,773.0685959325564
242.8342729602881,2020-06-01,202,1156.9209336155566,1478.9720632584238,1791.0453920137065,1821.5941565858514,794.0307169229875,613.9982990408758
1250.4102470600671,2020-06-02,203,1115.632308468033,1474.4457725088878,1783.3914651328957,1826.2821568207544,839.6686699366956,804.9218834466333
57.12225569536601,2020-06-03,204,1029.7160243787614,1458.4390243235434,1761.9036996684138,1824.5211950847206,761.4140285125626,580.581995121253
850.3889950810083,2020-06-04,205,1035.1106669285027,1457.8994126470975,1758.774421260569,1826.6685486354597,770.3115251694072,661.5240951091796
760.6479499086408,2020-06-05,206,996.4973460078807,1420.279504685058,1747.1328552604705,1827.8483509471819,769.3451676433307,691.261251549018
701.0220191786441,2020-06-06,207,940.8119907685718,1382.7844799696245,1712.8647278537849,1830.542416665781,762.512852796862,694.1894818379058
549.7523746233495,2020-06-07,208,907.1124314942748,1342.3776674870492,1665.1420300568052,1829.571711747519,741.2368049795108,650.8583496735388
41.748566594840035,2020-06-08,209,843.7495510447981,1316.773451839087,1632.692926390099,1827.5262010134732,671.2879811410437,468.1254147499291
439.09358647514074,2020-06-09,210,705.5078536184209,1273.557993530806,1601.7800471916335,1826.4570378056194,648.0685416744534,459.41586626749256
893.533480783485,2020-06-10,211,657.9925054993198,1262.8574198900526,1536.60941388938,1828.575488757705,672.6150355853566,589.6511506222903
969.300251751215,2020-06-11,212,658.8426222233389,1247.3500210709565,1476.299567589256,1830.525867251945,702.2835572019425,703.5458809609677
617.5637821448969,2020-06-12,213,637.1572888951619,1215.7713175980005,1451.741020438208,1830.446859256821,693.8115796962379,677.7512513161464
270.9328878308657,2020-06-13,214,609.4095363063027,1191.6967508455002,1412.8440780984756,1825.7960563081556,651.5237105097007,555.7057422705622
701.342066193012,2020-06-14,215,597.8573825656024,1175.9784278675347,1365.5543170821222,1819.000248327743,656.5055460780318,599.396639447297
1319.8787012107553,2020-06-15,216,625.4525397598183,1141.0597552730037,1355.0447253611435,1813.8026819539186,722.8428615913041,815.5412579763345
1022.5376828847857,2020-06-16,217,635.9566624373915,1128.908673424433,1351.513258193611,1813.473449555109,752.8123437206523,877.6401854488698
662.3591531428586,2020-06-17,218,635.4111210126035,1120.230493589853,1344.2313495271778,1815.3521254549244,743.7670246628729,813.0558757570665
794.1184754119071,2020-06-18,219,642.6812805911226,1114.919119428966,1326.0059593649564,1817.686112438866,748.8021697377764,807.3746556535186
1111.7401094443874,2020-06-19,220,670.7414083498185,1100.5174807351757,1318.5727551726536,1818.8354040798479,785.0959637084375,898.6842917907792
1400.188878732786,2020-06-20,221,674.4438814488786,1102.850196766379,1310.2336945283985,1822.883702743548,846.6052552108723,1049.1356678733812
958.7049950586826,2020-06-21,222,701.8499600618021,1094.0130677351056,1305.777634687254,1824.3465969522626,857.8152291956533,1022.0064660289715
672.6451315292194,2020-06-22,223,722.4344016877052,1072.224202767004,1291.4647437481792,1823.8497521405209,839.2982194290099,917.1980656790458
562.6254682181473,2020-06-23,224,721.9322719968227,1064.8344374997255,1281.8005322797194,1822.431719361577,811.6309443079236,810.8262864407762
1532.074086939924,2020-06-24,225,765.260836081374,1077.017253841418,1297.2664560393316,1827.3599156778305,883.6752585711237,1027.2006265905206
728.4983059919336,2020-06-25,226,773.6517392372436,1074.3648186092466,1290.794114954586,1824.473685271073,868.1575633132047,937.5899304109445
1322.4756656751338,2020-06-26,227,803.5098871944372,1069.6531068395013,1281.4058091546806,1822.7713226568067,913.5893735493976,1053.0556509902012
307.33316238597024,2020-06-27,228,786.1776679299411,1059.1731514908693,1267.5907885495149,1818.0131895011873,852.9637524330549,829.3389044089319
219.07523417605415,2020-06-28,229,759.1031526710555,1023.1428618773912,1252.370227048217,1816.991097090114,789.5749006073548,646.2598033390685
115.08863855895181,2020-06-29,230,721.7184834377874,968.5760527307112,1240.8238913231328,1815.069557366633,722.1262744025145,486.90845390503347
124.9749023991867,2020-06-30,231,706.66704426805,935.8467008576232,1231.3062318455213,1809.8336124845528,662.4111372021816,378.3283884532794
286.9711683984101,2020-07-01,232,708.1382741159873,932.529603865773,1222.0274668776103,1806.7107646214504,624.8671403218045,350.9212224368186
513.9293444343483,2020-07-02,233,683.5889106951302,899.6106095815826,1210.8268185709674,1805.5522624133907,613.7733607330589,399.8236590360775
1210.576601853764,2020-07-03,234,722.0373889004101,875.8767066395867,1212.971812515831,1805.8232392572247,673.4536848451295,643.0495418813834
660.0868149703495,2020-07-04,235,715.6939828967214,875.4023249126132,1210.4976027303042,1804.2720016651858,672.1169978576514,648.1607238080733
439.38432065205035,2020-07-05,236,704.985195254835,850.7412706313589,1181.848068208316,1799.7591931225904,648.8437301370913,585.5278028612663
663.0576803657066,2020-07-06,237,703.7197172944038,822.265854031489,1156.429559077883,1794.371334346484,650.2651251599527,608.7867661125983
252.6769850109744,2020-07-07,238,693.8172043073247,800.464817900801,1126.1908464271396,1786.2372750282832,610.506311145055,501.95383178211114
210.97308429846362,2020-07-08,239,699.4580215641122,771.6037863044563,1111.0016417474274,1779.2785247744275,570.5529884603959,414.6596075370169
341.41554586135385,2020-07-09,240,696.2020868769858,700.8549702477046,1081.106024646198,1771.7446754890423,547.6392442004917,392.6863890343179
398.59476171996386,2020-07-10,241,679.7041295748685,668.8483175370953,1068.47298978499,1766.7787361881242,532.734795952439,394.45890084001167
303.93260232624596,2020-07-11,242,657.5252079273697,658.1839150753555,1050.7417500230927,1762.0375512322646,509.85457658981966,367.30101128588194
277.76240203240314,2020-07-12,243,646.1984952569532,641.6778920760587,1025.9137101509832,1749.153865814107,486.64535913407803,340.4394285098383
369.75070901721153,2020-07-13,244,649.4924226298314,629.4509794680683,1010.9619747736092,1742.3895347063578,474.9558941223914,349.23281266205026
282.32946700684306,2020-07-14,245,635.5253359902924,616.6913592779488,995.8273972417859,1738.7450732406894,455.6932514108365,329.1618089654881
270.28588185747384,2020-07-15,246,600.5389086785163,612.9957242191686,960.8861397415067,1725.024765410234,437.15251445550024,311.4990308330838
492.88474581286243,2020-07-16,247,582.8838107761189,609.4202366067566,946.9003858749936,1707.6695501759546,442.7257375912365,365.9147453270174
341.9631242628464,2020-07-17,248,572.2039431467853,603.8075320796958,937.5549767754959,1698.2626067592184,432.6494762583975,358.7292590077661
722.3678225405122,2020-07-18,249,569.8122547177388,606.2467676544319,933.2168311918891,1698.4812651053292,461.62131088660897,467.8208280675899
1614.6661664408264,2020-07-19,250,586.5764566176201,628.6589324837205,929.2038060293228,1702.866555559142,576.9257964420308,811.8744295795608
1190.1927209380976,2020-07-20,251,579.5765846911306,627.0102330700058,928.4256594079616,1704.7126095354004,638.2524888916375,925.3699169871218
931.1401469682944,2020-07-21,252,578.6577564214509,640.2538582416277,922.2279639638862,1705.3077395589376,667.5412546993033,927.1009859814735
472.0288032428282,2020-07-22,253,571.9705454785712,647.2024735831394,905.4729836708583,1699.2904762576904,647.9900095536558,790.5793311598799
981.8449600004128,2020-07-23,254,585.9445285379802,653.9384002674026,905.2044678458088,1699.6676154699771,681.3755045983314,847.9590198120397
1048.3754883294964,2020-07-24,255,569.8212419176326,667.5410389995045,907.951916533488,1700.7945818766498,718.0755029714479,908.0839603672766
1248.190100414243,2020-07-25,256,587.1443017317096,680.3980204844778,911.9579796500661,1702.3093462315867,771.0869627157275,1010.1158023813664
505.27434094631263,2020-07-26,257,559.9042575740822,681.707072384261,899.7368237510267,1692.9726185481243,744.5057005387861,858.6633639508502
600.9830013766302,2020-07-27,258,569.6925855404374,677.9351267351907,896.0129628407238,1686.9771010555019,730.1534306225706,781.3592551785841
615.5467890731975,2020-07-28,259,582.908304037009,671.0057283540336,876.398009263929,1676.2154707086488,718.6927664676333,731.6155153469681
635.7467554438985,2020-07-29,260,600.2635745998406,660.9910290188155,845.8052266870861,1667.0035348592257,710.3981653652598,702.8548873760471
808.8701448563269,2020-07-30,261,623.0600826817451,664.8635634748991,831.5844947989956,1659.8962828343317,720.2453633143665,734.6594646201311
847.8123714258536,2020-07-31,262,641.7547894493267,674.9465317826586,835.6046657269559,1649.4359451954062,733.0020641255153,768.6053366618478
1899.6560318999868,2020-08-01,263,687.9456790315146,685.7672948633239,829.0556327315581,1648.4469580230486,849.6674609029625,1107.9205452332894
1565.219338827044,2020-08-02,264,699.7671035972905,710.9022462488518,817.1735056254861,1646.5639048144735,921.2226486953706,1245.1101833114158
1315.429379069956,2020-08-03,265,721.611855733944,718.6529193153343,824.1388351863882,1639.5678544703978,960.6433217328291,1266.2059420389778
392.0021513506688,2020-08-04,266,720.0324500905647,712.5088226727014,807.1716637844255,1623.6683441274615,903.7792046946131,1003.944804832485
477.27160780065196,2020-08-05,267,713.8395810050629,708.7796491497348,786.1237630226782,1616.0372008791317,861.128445005217,845.942845722935
316.0537231741184,2020-08-06,268,715.9521389438344,704.884671625581,772.2939249151433,1606.5247186924664,806.6209728221072,686.97610895829
181.43078294564665,2020-08-07,269,714.9673955654072,707.212708564761,752.7249893914378,1598.6102733735283,744.1019538344613,535.3125111544969
361.0514929864751,2020-08-08,270,715.6219271362446,705.9120070066166,705.777289210549,1586.9800487227692,705.7969077496626,483.0342057040903
182.59009658782858,2020-08-09,271,708.4217716318401,694.0629506033557,682.0394689020081,1568.7768664013342,653.4762266334792,392.90097296921175
480.0594406381529,2020-08-10,272,714.292666242237,685.9089370848046,676.8868321309805,1540.3373851745114,636.1345480339465,419.0485132698941
284.29892469748546,2020-08-11,273,714.5105503310731,680.3545227940143,665.955444827728,1514.9249542898763,600.9509857003004,378.6236366981715
456.3202358116468,2020-08-12,274,717.3962012242209,683.4443119270273,658.7660533867836,1490.9667485096816,586.4879107114351,401.93261643221405
492.63207081620527,2020-08-13,275,724.4062880178664,679.9658120040805,652.5963355245857,1472.864833868589,577.1023267219122,429.14245274741137
685.4224937150937,2020-08-14,276,738.2441750797869,669.3915418791528,654.7452078393725,1444.7686525956153,587.9343434212303,506.02646503771604
701.2077478186302,2020-08-15,277,745.1882751466459,664.0360429613835,654.6762494533841,1413.4963822220325,599.2616838609704,564.5808498719903
531.570772932869,2020-08-16,278,751.5085301023133,661.8562366245503,653.0411980872327,1397.6599647363487,592.4925927681602,554.6778267902539
576.8465633735475,2020-08-17,279,746.6578214634144,658.2350380905776,653.0504522574239,1382.8565109143224,590.927989828699,561.328447765242
610.2785187796378,2020-08-18,280,713.1782332080414,649.8773449128319,656.8320327251587,1367.6047621632167,592.8630427237929,576.0134690695608
1147.4806614926881,2020-08-19,281,711.7544978931944,645.6655412921635,655.2583213443999,1363.7878785284167,648.3248046006825,747.4536267964988
972.6257744875302,2020-08-20,282,713.1373521438356,645.8975542826445,664.5483562090283,1362.0557705813142,680.7549015893673,815.0052711038081
1338.6886762757888,2020-08-21,283,742.0260145782676,656.9982800284205,678.8103205815133,1360.0337622298591,746.5482790580094,972.1102926554023
1137.6813037081554,2020-08-22,284,747.2205593685256,666.582543953254,685.0324533011081,1354.5775298179076,785.661581523024,1021.7815959712282
843.9682979084025,2020-08-23,285,740.4069863544893,655.114114136062,691.8296881178305,1344.8702435248579,791.4922531615618,968.4376065523804
1556.4937555526371,2020-08-24,286,750.6837748591024,668.914038295407,703.8266052760172,1322.5843024805772,867.9924034006694,1144.8544512524575
1033.3711002892924,2020-08-25,287,768.2870001705352,664.0956288723097,710.5670483130168,1303.388638653597,884.5302730895318,1111.409445963508
829.6599295226482,2020-08-26,288,775.909564442069,672.8010749912543,710.5932726374812,1286.7643215594924,879.0432387328434,1026.88459103125
1203.957773624542,2020-08-27,289,795.5232639271139,689.2157839820625,712.5115735450581,1279.745906966574,911.5346922220133,1080.0065458092374
1119.3342989109633,2020-08-28,290,811.6428487093493,705.953211654596,711.2083022489912,1269.5387401410837,932.3146528909083,1091.804871739755
429.6602197882159,2020-08-29,291,799.0025178737457,711.0313002777464,709.5765482745123,1259.4242079377595,882.0492095806391,893.1614761542933
609.2764074370587,2020-08-30,292,791.0513190741191,716.4030542617238,713.6481275464764,1252.3467597800932,854.771929366281,807.9959555391229
713.3169726193385,2020-08-31,293,751.5066837647641,719.7261813981403,707.6804244971349,1245.5359448150168,840.6264336915868,779.5922606631874
1214.229355673345,2020-09-01,294,739.8070176596409,719.7870606284666,720.5371700524458,1241.2204348604314,877.9867258897627,909.9833891662347
1129.9607334985308,2020-09-02,295,733.6247294739267,727.6182926039363,723.6435227015294,1241.2089719810506,903.1841266506395,975.9765924659234
784.1694780056132,2020-09-03,296,746.6969736957582,733.3647118931624,723.9048730137179,1235.5188641370958,891.2826617861369,918.4344581278303
1528.3356532200812,2020-09-04,297,781.7324418764058,747.7860114407353,733.0972467252894,1222.9809872895387,954.9879609295314,1101.4048166555056
2819.599169267918,2020-09-05,298,865.1839567461992,790.5680478450175,758.3177666657847,1211.7298983612966,1141.44908176337,1616.8631224392293
1105.5411996330365,2020-09-06,299,895.9876373024455,805.477516433927,770.1376848106536,1201.415305600378,1137.8582935503368,1463.4665455973714
1648.4682541121383,2020-09-07,300,938.9015293399676,827.2617282381068,783.5751811177314,1192.6776141546839,1188.919289606517,1518.9670581518012
1645.3603876614707,2020-09-08,301,987.6605390424223,848.041155337132,791.9288134163756,1164.2691136528792,1234.5633994120124,1556.885057004702
1161.4422683474747,2020-09-09,302,1010.3732999660663,862.3329831041524,794.0637247118896,1135.1816461505744,1227.2512863055588,1438.2522204075337
1536.1075662993414,2020-09-10,303,1052.1002546861282,883.3054025086014,804.2697667580501,1128.0053935981307,1258.136914304937,1467.6088241750758
1228.6787364070685,2020-09-11,304,1077.8455380393088,897.6208696317657,814.9113872977856,1113.8777326981326,1255.19109651515,1395.9297978446737
1675.7122235533266,2020-09-12,305,1117.2815431305462,920.843915574207,825.737722379567,1095.6460197308465,1297.2432092189679,1479.8645255572694
2418.913614190775,2020-09-13,306,1175.0645804797355,956.654377779762,837.9492214126784,1096.496973386913,1409.4102497161487,1761.5792521473209
4325.179427099534,2020-09-14,307,1295.8636364557656,1020.5259558012065,874.6452407928423,1113.0792494932284,1700.9871674544875,2530.6593046329845
3897.298494438372,2020-09-15,308,1408.054560505949,1079.781545304132,910.5890112516814,1127.4101803894314,1920.6183001528761,2940.6510615746006
1958.0277285072564,2020-09-16,309,1454.0939326770726,1100.3758770702443,923.5213362860742,1124.7636478255174,1924.3592429883142,2645.864061654397
1822.525571854275,2020-09-17,310,1494.5021677795605,1103.8402004938018,931.4189525350729,1124.9958538538651,1914.1758758749104,2398.8625147143603
1368.9604958696175,2020-09-18,311,1501.8848289254581,1106.819663409327,931.0719705032599,1120.652832515831,1859.654337874381,2089.8919090609375
2495.5307560052015,2020-09-19,312,1552.6483283093805,1132.892840226609,948.1478122915546,1126.962723489406,1923.2419796874633,2211.5835631442164
1013.7456846194422,2020-09-20,313,1541.816895254169,1141.9214549162193,951.9378184370014,1121.7012810925921,1832.292350180661,1852.232199586784
1094.9089434110076,2020-09-21,314,1540.3911499109308,1143.8058546397292,957.8520792724777,1119.8263057761005,1758.5540095036959,1625.035222734051
1581.2923676134574,2020-09-22,315,1564.9686189010995,1152.6878026277952,958.398949057739,1127.8327025485373,1740.827845314672,1611.9123661978729
960.8892611554086,2020-09-23,316,1545.1151357545252,1147.8994553068146,960.9810707817776,1125.8875928681841,1662.8339868987455,1416.6054346851333
955.2812466738329,2020-09-24,317,1542.51214063401,1155.3995704022734,956.9011327928744,1119.1534709737798,1592.0787128762543,1278.2081782817431
990.9340831104809,2020-09-25,318,1547.8879457536043,1161.8987550978375,964.4966985787022,1116.0437435641109,1531.9642498996768,1192.0259497303646
892.9179160479523,2020-09-26,319,1537.5199505010512,1166.5216072140834,971.98383948839,1112.1770332683056,1468.0596165145043,1102.2935396256407
797.1955549690385,2020-09-27,320,1526.7819923696538,1169.2124205395023,979.5628052262798,1110.1933482747086,1400.9732103599579,1010.76414422866
1759.3347291342832,2020-09-28,321,1571.1044760145226,1185.053496944135,997.7223588566696,1114.5142953510976,1436.8093622373904,1235.335319700347
387.8638087263159,2020-09-29,322,1563.7240560574978,1177.3876875658093,998.8433881936464,1110.4354275356307,1331.9148068862828,981.0938664081377
887.7561246067785,2020-09-30,323,1569.5386944570791,1160.5226891109226,1002.9970190844512,1106.9119188277116,1287.4989386583325,953.0925438677299
565.7904159152637,2020-10-01,324,1547.9240631318098,1143.8655403957264,995.8327281295789,1104.4022703227072,1215.3280863840257,836.90190548199
751.4236083137488,2020-10-02,325,1535.3061589589838,1134.4654442164563,996.8475813889501,1103.6725920596293,1168.937638576998,811.2584163315175
641.9739179556024,2020-10-03,326,1530.5663069573168,1138.6316403265384,999.0985769145451,1090.4733225614325,1116.2412665148586,760.4730668187428
497.3880957386057,2020-10-04,327,1496.201388374601,1138.9669151255043,997.2578037520217,1076.8436814149543,1054.3559494372332,681.5475754947016
840.4702920329014,2020-10-05,328,1430.2304258001006,1147.7071912731508,1003.7888404967099,1064.9898434619267,1032.9673836968,729.2243904561615
551.3840900315993,2020-10-06,329,1411.7585221467193,1153.8730797245832,1007.5711850048558,1059.2864133761436,984.80905433028,675.8723003287928
808.8731132432075,2020-10-07,330,1383.7720174510882,1161.3367733955286,1012.7651579757653,1046.935591310984,967.2154602215728,715.7725442031171
983.8865091310641,2020-10-08,331,1361.7228881667413,1174.6917136045824,1019.2683996136662,1043.8706946993302,968.882565112522,796.2067336815012
580.0644625370138,2020-10-09,332,1342.3436279730593,1176.3584639695634,1022.336531393786,1036.5391407084414,930.0007548549712,731.3640523381549
1134.5602526124944,2020-10-10,333,1328.958717516831,1190.5294861014804,1031.8565075113427,1028.885108831165,950.4567046307236,852.3229124204568
689.3925675077437,2020-10-11,334,1310.9825118868534,1194.4140249630823,1035.408083716793,1023.1850292452032,924.3502909184256,803.4438089466428
711.1963423378359,2020-10-12,335,1278.8319825130036,1198.056762821776,1040.1732712204707,1018.0003342311304,903.0348960603666,775.7695689640007
257.03505113552507,2020-10-13,336,1206.7693637444956,1190.9169721121166,1040.0260397680045,1000.4560897547577,838.4349115678824,620.1492136154579
662.618085868568,2020-10-14,337,1084.6839857034633,1190.2738110796156,1041.9119657686235,994.4061758218106,820.853228997951,632.8898752913909
689.6034429762663,2020-10-15,338,977.7608173213933,1192.907688913672,1045.7746359765504,991.6648063760254,807.7282503957825,649.9039455968535
458.8861117510687,2020-10-16,339,927.7894300961871,1190.9416813866308,1042.8470614122232,988.0319463020585,772.8440365313112,592.598595443118
496.6469235503229,2020-10-17,340,883.593475152722,1189.047821466142,1030.4246253801064,979.8142157047168,745.2243252332124,563.8130938752795
452.95049109485353,2020-10-18,341,853.0598083268965,1177.4723186261783,1022.2330450485149,975.3293522282405,715.9969418193766,530.5543130411517
451.7675975758599,2020-10-19,342,784.9343697125852,1168.7913490109836,1016.9066833885989,969.5673236762447,689.574007395025,506.91829840156413
441.2709906223791,2020-10-20,343,765.851879912683,1153.8343875834266,1016.5649299150384,961.0189567929506,664.7437057177603,487.2241060678086
573.4750232765344,2020-10-21,344,748.4707492415339,1144.430949576233,1012.027486173662,958.6159770097375,655.6168374736378,513.0993812304264
650.7785000770841,2020-10-22,345,717.4536203236548,1141.2111196123776,1007.6097418597465,957.7808291966193,655.1330037339825,554.4031168844236
261.6442577370856,2020-10-23,346,694.1454535430441,1119.6302946487851,996.6481213855559,954.3030505178131,615.7841291342928,466.5754591402222
123.09639388479388,2020-10-24,347,666.4059584500761,1104.4590495420437,992.401699751539,946.069261751285,566.5153556093429,363.5317395635937
700.0955409469013,2020-10-25,348,656.7113403779568,1102.299643065781,993.5029501912087,944.7579565159684,579.8733741430988,464.500879978586
769.2748590584278,2020-10-26,349,652.5899051449727,1095.0549278230126,995.2110398577113,935.8045245608223,598.8135226346317,555.9330737025384
1205.3038453277572,2020-10-27,350,666.1935148235967,1096.4877535966257,1001.5394519675319,923.6723393273112,659.4625549039444,750.744305190104
857.3982375963357,2020-10-28,351,636.1289651056651,1103.6167205600943,1002.0786529979765,916.8315738984882,679.2561231731836,782.7404849119735
252.3300454172723,2020-10-29,352,631.6111729953635,1097.6676145264312,995.4621827089923,915.5334242179762,636.5635153975925,623.6173530635631
325.8089448601995,2020-10-30,353,612.8796003371443,1091.209147397112,977.9749928529947,903.5153127922787,605.4880583438531,534.2748306025541
648.3475648994392,2020-10-31,354,615.6315053032835,1081.7777842175472,967.7875286982435,892.4805171618672,609.7740089994118,568.4966508916195
763.3863002411945,2020-11-01,355,616.0302617008651,1075.6682103299247,961.6537167112573,892.8962759488251,625.13523812359,626.963545696492
678.6204260683255,2020-11-02,356,617.2518119712893,1073.9090594643033,964.8383642081202,886.0050139962752,630.4837569180636,642.460609808042
728.2953548911183,2020-11-03,357,624.9487206097062,1060.5750544921539,967.6275169535699,876.8756399881264,640.264916715369,668.2110333329649
508.9657933264804,2020-11-04,358,613.8985706528256,1022.0644982264633,969.7709843997072,871.0324546574276,627.1350043764802,620.4374613310194
1274.9992895294033,2020-11-05,359,638.0190773027523,1024.8887997247361,981.9217455839711,867.3233674877067,691.9214328917725,816.8060097905345
991.5235474544776,2020-11-06,360,644.1074251097947,1013.9397212804417,988.9269906336156,847.3521399220846,721.881644348043,869.2212710897174
1091.3675406974821,2020-11-07,361,647.6901261620086,1004.7065071643752,999.0245177903895,840.5319933462011,758.8302339829869,935.8651519720468
743.3782066017976,2020-11-08,362,653.1339176308348,997.7387728019472,1001.9502818566523,839.4185569938188,757.285031244868,878.119068360972
360.4509079548579,2020-11-09,363,627.3302728089136,978.1444951628725,1002.7964150039563,834.3759299158447,717.601618915867,722.8186202391378
296.8630340893063,2020-11-10,364,614.245955028299,962.6142334575765,1001.0246683181525,829.8953608524706,675.5277604332109,595.0319443941883
147.00285068130088,2020-11-11,365,595.4395053064145,937.1357439097095,997.1843436499869,824.8903395872888,622.67526945802,460.623216280322
802.4337150503297,2020-11-12,366,613.6194607702414,910.1944122573688,998.4844683314896,826.6148380854336,640.6511140172511,563.1663659113243
380.5740736819612,2020-11-13,367,604.2179936973545,844.4509897004093,994.9218719521932,824.7990607027912,614.6434099837221,508.3886782425153
65.1025509868137,2020-11-14,368,583.4012972977059,780.5810573095499,989.7388917083482,821.3900448977929,559.6893240840312,375.40284006580475
484.92550024291086,2020-11-15,369,584.2692769141007,756.0293535051442,988.7175465624522,820.8839994099405,552.2129416999192,408.25963811893655
634.297991156704,2020-11-16,370,588.8576458343134,736.225560493518,988.9844295888641,822.9082311570137,560.4214466455977,476.07114403026674
759.6660534803042,2020-11-17,371,599.0814979138285,726.0706531203627,984.6753783887265,819.9668498665653,580.3459073290684,561.149616865278
390.55017933136384,2020-11-18,372,597.0409173056785,690.9876435091321,978.2078717758801,821.3781139924564,561.3663345292979,509.96978560510365
810.6232567118211,2020-11-19,373,609.3526595086599,687.6022697106717,972.3404782251694,825.5753994033436,586.2920267475502,600.1658269371188
731.1179190637976,2020-11-20,374,614.6074227015687,681.5390859715517,967.8231072846764,826.4277802928946,600.7746159791749,639.4514545751224
342.70111160559094,2020-11-21,375,604.3381764191855,660.8958983714205,962.253471881312,827.0415799995735,574.9672655418165,550.426351684263
1999.8647521623138,2020-11-22,376,662.2788595666931,678.2121565548689,967.1798162880862,835.5032107820539,717.4570142038663,985.2578718276782
1254.5559997753942,2020-11-23,377,699.9941797630465,683.2000691065616,969.637426282376,840.1022372976987,771.1669127610191,1066.047310211993
1489.7801899768747,2020-11-24,378,726.3170013973789,691.5141708876682,976.9720958429784,843.7826842402321,843.0282404826048,1193.1671741414573
1424.775523609718,2020-11-25,379,748.1670235490886,700.3784643470309,979.4256263983693,845.9685999717161,901.2029687953161,1262.6496789819355
1044.131818453452,2020-11-26,380,742.7946226532783,704.4940687384377,978.5900432821746,844.8991727655854,915.4958537611298,1197.0943208233903
173.67094193948307,2020-11-27,381,720.00371279805,678.0663389518578,975.7457179727444,842.6611331236307,841.3133625789651,890.067307158218
874.2078233290459,2020-11-28,382,740.7329720617757,686.17207252857,978.6894003715443,846.1687639590128,844.6028086539732,885.3094620094664
675.4043754519967,2020-11-29,383,752.3861530815022,682.6328767093236,978.268149291907,842.9742868945235,827.6829653337755,822.3379360422255
1034.0134361770386,2020-11-30,384,765.2416821240889,690.4365937136865,976.2657501863923,848.4014601194217,848.3160124181019,885.8405860826692
756.8827202044906,2020-12-01,385,765.0248961228655,690.5275789118656,972.1204389275697,847.8819808145521,839.1726831967408,847.1532263192156
462.41662331011946,2020-12-02,386,757.8181026975919,687.5349573344408,968.5454072087308,846.2251401112271,801.4970772080787,731.7322454164868
1447.8305524869027,2020-12-03,387,781.802609284118,703.3756649469124,967.6509060894732,850.3740764073841,866.1304247359611,946.5617375376114
473.9363554047905,2020-12-04,388,780.6349613533952,697.2667660031105,941.5879859354384,849.9528763006144,826.9110178028441,804.774122897765
1474.7250260404276,2020-12-05,389,787.2924859037628,712.6557816032577,945.690028451076,857.9138566308676,891.6924186266025,1005.7593938405637
80.78998233249054,2020-12-06,390,756.9347003996966,700.5210627547457,928.2713809868576,855.9232810522973,810.6021749971914,728.2685703881417
767.5485501978113,2020-12-07,391,746.1407340497075,696.9154301058581,918.5179161261503,855.2233647712658,806.2968125172533,740.0525643310425
1677.7312334246349,2020-12-08,392,777.2858349438019,715.2098762873186,924.2544601825633,859.1590924472292,893.4402546079915,1021.3561650591203
640.0759322815275,2020-12-09,393,786.6066690880242,706.9684709484692,914.298553137921,859.2841599479883,868.1038223753451,906.9720952258424
854.918329724297,2020-12-10,394,805.2085122758573,709.7272336520784,910.1456597303347,862.528523514063,866.7852731102404,891.3559655753787
297.8366474555221,2020-12-11,395,810.2363055016647,702.8379054040399,894.8359311070258,860.2868267432992,809.8904105447685,713.3001701394218
593.7743625778504,2020-12-12,396,803.2809937525819,708.450227261412,874.5566060891043,856.2529137508942,788.2788057480767,677.4424278709503
1115.9942460007928,2020-12-13,397,827.794999496543,716.0064965969491,838.8989929657849,856.7721168793165,821.0503497733483,809.007973309903
1581.8602327668118,2020-12-14,398,878.3535888892096,730.8774430934583,813.1719011694341,861.8804562105606,897.1313380726947,1040.8636511469756
1194.7009925523414,2020-12-15,399,902.0127719661907,743.1410244401461,804.6904929921574,864.1059146391186,926.8883035206594,1087.0148535685853
1216.9959465859415,2020-12-16,400,921.4360371471653,755.1468414907397,797.9623860447315,864.6906692899049,955.8990678271877,1126.009181473792
942.2377617348382,2020-12-17,401,927.5217607556498,763.3016293347395,793.2210223321229,862.146496417694,954.5329372179526,1070.8777555521058
1755.2335917948585,2020-12-18,402,973.0112078377663,785.0260625717227,784.9954982853413,866.5716552884505,1034.6030026756432,1276.1845064249314
838.4115669086954,2020-12-19,403,973.9374848443289,791.6450721764946,783.0473414218886,867.4925799294476,1014.9838590989484,1144.8526245700607
407.29463137739174,2020-12-20,404,963.143375254782,788.8753989781757,775.4071823992928,866.629630835888,954.2149363267927,923.5852266122599
1476.8392371151208,2020-12-21,405,1000.947979438433,802.6430779288096,774.2465920604226,866.3227705590834,1006.4773664056255,1089.5614297631182
1586.517542435211,2020-12-22,406,987.1697391141963,824.7242993404451,781.1980174079758,871.0895440948794,1064.481384008584,1238.648263564746
1982.7673037193256,2020-12-23,407,1011.4434492456606,855.718814504354,792.6145291529258,874.7578309729028,1156.3099759796582,1461.8839756111197
1395.8053374183028,2020-12-24,408,1008.310954160375,867.3139777788772,797.113098645235,880.8048986119713,1180.2595121235229,1442.0603841532745
2000.4161189687613,2020-12-25,409,1027.4989740056765,887.8329987773827,809.4186342332439,890.7012368608197,1262.2751728080466,1609.5671045979207
324.2283567688923,2020-12-26,410,1003.5021919495244,873.1484073014017,804.1634431421312,891.8631241842082,1168.4704912041311,1223.965480249212
449.7354428248364,2020-12-27,411,1012.7043419790363,866.3540273885433,789.6123399609152,893.6673494087953,1096.5969863662017,991.6964690218992
1766.3236571855734,2020-12-28,412,1042.4415364409206,891.5872542513483,804.9285604993513,901.8859743465016,1163.569653448139,1224.0846254710013
2623.3612950924908,2020-12-29,413,1107.3734337622702,929.8797934218866,824.2130623936371,913.6050407390469,1309.548817612574,1643.867626357448
2042.1649684263302,2020-12-30,414,1140.9784848372467,953.110083480668,840.6172240882044,918.2249761088946,1382.8104326939497,1763.3568289781124
2704.6098845479873,2020-12-31,415,1205.9027236486966,985.4638098857812,862.3192938241402,929.583437606548,1514.9903778793534,2045.7327456490748
1852.3297439037567,2021-01-01,416,1252.2331610018177,1005.0256318497051,875.7676918902308,937.4331344023909,1548.7243144817937,1987.7118451254794
811.7380058331394,2021-01-02,417,1231.030076113359,1006.4163426987387,879.260468669059,938.2591362105434,1475.0256836169283,1634.9196933377773
3985.499572640846,2021-01-03,418,1348.0821833545608,1064.3585723539782,914.2052384535917,958.9970394751538,1726.0730725193202,2340.093657128698
695.7245555016262,2021-01-04,419,1322.1155010032676,1054.7039934535153,915.8090214032587,961.6901032040603,1623.0382208175508,1846.7829266405765
2569.011960891744,2021-01-05,420,1405.0562336219093,1080.995467010803,935.3661197104648,974.065638843118,1717.6355948249702,2063.4516369159264
3024.358009799141,2021-01-06,421,1480.2832156086204,1113.2119748291639,958.0380252734435,988.6532124435579,1848.3078363223874,2351.7235487808907
2765.841352206195,2021-01-07,422,1516.5535529013391,1146.9196939225703,982.3244351586565,1002.3304832762243,1940.0611879107682,2475.9588898084817
2078.1009396684512,2021-01-08,423,1564.4877198142365,1175.5471944511303,992.8082205703893,1012.3323640408689,1953.8651630865368,2356.6015047664723
2361.6091300094304,2021-01-09,424,1614.7107464904077,1209.9596293831323,1011.3884045981857,1023.3982441574924,1994.6395597788262,2358.1037923393596
2507.101028455784,2021-01-10,425,1688.35289252375,1249.2945990127073,1031.3429011106075,1035.758086165542,2045.885706646522,2402.802963174287
2489.9041340731774,2021-01-11,426,1751.5572182402607,1277.4191059964214,1056.1525575876924,1048.0892986778515,2090.2875493891875,2428.9333144439543
4469.06672517085,2021-01-12,427,1863.3263008792626,1345.560650187903,1098.4464313577178,1070.1791985631737,2328.165466967354,3040.973337662023
883.4514235344349,2021-01-13,428,1840.0460072381832,1359.1997980636966,1100.6002978083643,1073.1874668924602,2183.694062624062,2393.7167634237467
2113.8381667549897,2021-01-14,429,1870.6839130449382,1386.3483425055645,1118.9886539750744,1080.9178576936517,2176.708473037155,2309.7531844231194
494.2088328153745,2021-01-15,430,1846.591009252586,1384.0135231998756,1118.9615640780196,1074.693094729066,2008.458509014977,1765.0898789407956
1363.987851557048,2021-01-16,431,1860.649345579993,1394.0855531678212,1129.0842014164882,1075.6586232325046,1944.0114432691842,1644.7592707256713
1447.2275069448708,2021-01-17,432,1850.3824760849934,1411.6968419613797,1140.1448670761438,1078.5257752323744,1894.3330496367528,1585.499741591431
974.1024463952259,2021-01-18,433,1854.905505401211,1414.4214951227696,1146.065216584731,1081.3150732498877,1802.3099893126,1402.0805530325695
1968.9017267750946,2021-01-19,434,1906.9590752478011,1435.0512252512913,1161.569957734715,1086.7987219541915,1818.9691630588495,1572.1269051553268
2551.0725129322536,2021-01-20,435,1942.7668511083723,1471.8574152734022,1182.684335655328,1095.1470387575403,1892.17949804619,1865.8105874884045
2333.230111821412,2021-01-21,436,1967.6572700879121,1477.4135046010535,1205.7019562562648,1101.1750388209134,1936.2845594237124,2006.0364447883067
1192.4524423537648,2021-01-22,437,1941.3134413757268,1476.3784453106932,1217.5836901281423,1104.9926949398437,1861.9013477167177,1761.961244057944
560.9319510970588,2021-01-23,438,1913.4843284983522,1460.897641329363,1216.0374280186993,1104.7701891049574,1731.804408054752,1401.6524561696783
1582.4221937888444,2021-01-24,439,1899.5511976590217,1463.5250858323486,1225.072398404593,1110.1417191311552,1716.8661866281614,1455.8833774554282
2064.003833510912,2021-01-25,440,1957.5437135504224,1480.522952749973,1234.613509384406,1118.076480675972,1751.5799513164366,1638.3195142720733
2760.831346852758,2021-01-26,441,2034.5802436846864,1523.642292831861,1255.7627661539218,1128.920709575952,1852.5050908700687,1975.0730640462787
1631.5144753666098,2021-01-27,442,2030.086604290721,1536.2640703658203,1271.0870375978034,1133.2746101534008,1830.4060293197228,1872.005487442378
1501.3410191860369,2021-01-28,443,1992.6859284271725,1550.029681094721,1284.1485050903125,1131.0617489716565,1797.4995283063543,1760.8061469654756
2633.2994593365406,2021-01-29,444,2012.3904114575128,1576.6844481473793,1306.2035261396138,1136.9955274189315,1881.0795214093728,2022.5541406767952
1141.1113906456942,2021-01-30,445,1960.2737949941031,1583.0882593213994,1310.4004715885526,1136.027094149908,1807.082708333005,1758.1213156674648
1878.4998194494224,2021-01-31,446,1961.1461308456253,1606.6896459237212,1323.7324648483425,1144.2854145282342,1814.2244194446469,1794.2348668020518
841.0287981379423,2021-02-01,447,1962.1224905891188,1596.5762833512383,1324.985058662196,1146.3062878078858,1716.9048573139764,1508.2730462028187
1577.3342171401275,2021-02-02,448,1881.8503120724283,1614.966247713494,1336.8558189267922,1153.3134016632525,1702.9477932965917,1528.9913974840113
1560.836248034077,2021-02-03,449,1910.6873684901768,1616.4014347467214,1340.0317851323996,1160.9767653581885,1688.7366387703403,1538.5448526490309
479.1025463158447,2021-02-04,450,1841.0237213376467,1623.0399774797775,1334.3382184530815,1161.6326045433516,1567.7732295248907,1220.7121607490749
973.2076239936802,2021-02-05,451,1772.652041810798,1626.4676287097088,1333.025330489706,1166.0249241400506,1508.3166689717698,1146.4607997224564
1562.6646373041533,2021-02-06,452,1732.546151314063,1624.5498521077009,1342.1285130530655,1172.0393974548617,1513.7514658050081,1271.3219509969654
1739.7753967368044,2021-02-07,453,1721.2686332163416,1642.8781765152887,1357.4543407061983,1180.1253778550804,1536.3538588981878,1411.8579847189171
443.33763698463713,2021-02-08,454,1657.3262501155152,1636.018498302961,1359.0818362939242,1180.0532523060413,1427.052236706833,1121.301880398633
1530.560528208491,2021-02-09,455,1624.7749001072723,1656.5638963155104,1374.4546993775598,1185.8195215137762,1437.4030658569989,1244.0794747415905
2033.7350245610228,2021-02-10,456,1609.5692631235336,1680.5632406818966,1388.1358250387898,1193.3101466851426,1497.0362617274013,1480.97613968742
794.4238430473225,2021-02-11,457,1487.0811670527494,1675.2037339660055,1392.734155809516,1193.8280138808575,1426.7750198593935,1275.0104506953908
924.5205672768001,2021-02-12,458,1488.450138510828,1664.2480728745056,1402.2832448794047,1196.0110682938794,1376.5495746011343,1169.8634856698136
1492.2603110565935,2021-02-13,459,1467.7308766542149,1669.2073948495765,1413.4758538884457,1201.0967002254517,1388.1206482466803,1266.5825332858476
1096.2640977472013,2021-02-14,460,1487.7993854852757,1667.1951973689308,1418.60881062834,1203.7966201086049,1358.9349931967324,1215.4870026242536
343.76299196870355,2021-02-15,461,1453.7918901656642,1657.2206178728286,1413.9876655004334,1199.3315219445828,1257.4177930739295,953.9697994275884
220.5128043554635,2021-02-16,462,1412.9014000793507,1631.641938082172,1412.0983613340345,1195.1531165549602,1153.727294202083,733.9327009059509
798.0474347457792,2021-02-17,463,1407.0328996910357,1630.9692025461234,1411.9586299788562,1192.1495541020158,1118.1593082564525,753.1671210578994
1501.0610292222252,2021-02-18,464,1391.4382097726068,1649.198642510204,1420.513553425061,1194.1683303548718,1156.44948035303,977.5352935071971
1548.1586048281486,2021-02-19,465,1358.0077461691365,1650.3872986387544,1433.907525571978,1198.080498726648,1195.6203928005416,1148.7222869034827
1527.196533203707,2021-02-20,466,1331.139960215213,1649.3986151515628,1428.655656472438,1197.9177363802653,1228.7780068408583,1262.26456079355
1892.307694896938,2021-02-21,467,1354.468468633319,1647.890955004523,1435.741786418233,1202.689606350308,1295.1309756464664,1451.2775010245664
3476.97280633646,2021-02-22,468,1451.6698304746321,1682.577079486492,1457.821704377784,1217.3969001103846,1513.3151587154657,2058.9860926181345
3977.854230915796,2021-02-23,469,1531.5175650455305,1715.5343813522761,1486.189245570074,1232.8074359842249,1759.7690659354987,2634.6465341074327
2976.5271981011074,2021-02-24,470,1561.9350105318704,1759.7393620411463,1507.6603053439367,1243.1251743130592,1881.4448791520597,2737.2107333055346
1237.3830455632674,2021-02-25,471,1511.1534004888877,1772.866822086787,1519.4793287175341,1247.6125233451428,1817.0386957931805,2287.2624269828543
2483.3435182187436,2021-02-26,472,1539.547701917292,1784.8171531040064,1537.3586142163088,1258.02400729393,1883.6691780357369,2346.086754353621
1683.2324777875929,2021-02-27,473,1545.6107505373438,1769.148339482258,1548.5567042422597,1263.412426767087,1863.6255080109227,2147.2304713838125
1910.227881279423,2021-02-28,474,1521.5083646021064,1766.9493880298098,1558.2924202989527,1267.2790852426765,1868.2857453377726,2076.1296943524953
923.6356235449248,2021-03-01,475,1514.2591723654143,1737.2664836797587,1560.1452303360688,1266.132834631823,1773.8207331584877,1730.381473110224
629.0710072301328,2021-03-02,476,1472.6115452914378,1716.8788380685316,1561.996945712958,1265.2711764608482,1659.3457605656522,1399.9883333461964
1733.1029844095308,2021-03-03,477,1502.3473515004907,1732.2349210448049,1565.166639400987,1266.408772745234,1666.7214829500401,1499.9227286651967
1868.3399483410603,2021-03-04,478,1512.0475425405216,1696.948927306475,1580.6600126558342,1261.1239992956403,1686.8833294891422,1610.4478945679557
1218.9009789689521,2021-03-05,479,1500.6497002383508,1705.668534364264,1577.817523243929,1261.7537758475064,1640.0850944371232,1492.9838198882546
1139.596701280829,2021-03-06,480,1522.666172070517,1681.8449467040818,1589.5820423433547,1258.9267116651101,1590.036255121494,1386.9676843060267
728.2988781694638,2021-03-07,481,1514.50254720971,1643.577294510254,1589.145934876373,1253.831925501266,1503.862517426291,1189.3670424650577
1473.7727539098178,2021-03-08,482,1511.5394844298987,1622.042817871981,1586.8797295484308,1255.567094865501,1500.8535410746438,1274.6887558984856
1469.6314388932653,2021-03-09,483,1502.5346858351143,1611.9016595257278,1596.0970129552277,1255.1977830465783,1497.731330856506,1333.1715607969195
777.0574766774212,2021-03-10,484,1513.6586804915403,1585.4924653035278,1595.231892365818,1252.6887760480802,1425.6639454385975,1166.33733556107
703.0578546732321,2021-03-11,485,1486.0752580403648,1555.4250790738186,1599.7343502237927,1247.2851406654129,1353.4033363620608,1027.3534912947184
673.2131247029835,2021-03-12,486,1440.7245280450968,1525.1468955843154,1600.617003136294,1237.586804612703,1285.3843151961532,921.1113813171979
1251.4561232183435,2021-03-13,487,1455.9589373841309,1471.5200522184402,1602.122135105378,1220.5105640355853,1281.9914959983723,1020.2148038875416
1286.138505953642,2021-03-14,488,1468.012868673359,1478.2315035920938,1598.8363381407873,1206.0041196551147,1282.4061969938994,1099.9919145073716
971.9448429288254,2021-03-15,489,1450.6690197357668,1459.199948194991,1596.3612698116372,1200.525881401901,1251.360061587392,1061.5777930338077
522.9642841387479,2021-03-16,490,1431.5590259488183,1459.6792057170474,1588.6498068955575,1193.3060964701483,1178.5204838425277,899.9937403652896
586.4331921530812,2021-03-17,491,1439.6480326216308,1446.719961393648,1584.6964227890935,1188.958722560612,1119.311754673583,805.925575901627
1019.712937733782,2021-03-18,492,1466.2880370675748,1439.5947185734633,1576.5239710773037,1180.759734681326,1109.351872979603,870.0617844512734
971.4613437082093,2021-03-19,493,1472.068500699656,1439.5507001953467,1578.0023019306316,1180.5248216762639,1095.5628200524636,900.4816522283542
489.05809010273737,2021-03-20,494,1438.335069395673,1414.8866395841408,1578.9107848053577,1177.1589836023288,1034.912347057491,777.0545835906692
975.1248143796164,2021-03-21,495,1419.2339430473885,1388.6208446082635,1573.3361801082967,1173.791386084363,1028.9335937897035,836.4756528273533
1077.8797120647912,2021-03-22,496,1404.2567156760915,1367.6983379456533,1567.6846486597365,1174.4413330338596,1033.8282056172122,908.8968705985847
1064.4763767483546,2021-03-23,497,1376.662338404472,1365.5654035188963,1557.4814161378367,1175.0479726453846,1036.8930227303265,955.5707224435155
1382.0202374002763,2021-03-24,498,1306.8305861065992,1379.2502082906167,1557.3282483598587,1177.2206735025502,1071.4057441973216,1083.5055769305436
1136.5347522678453,2021-03-25,499,1212.119936818334,1371.8187509319332,1547.729566507626,1178.5741003704386,1077.918645004374,1099.414329531734
920.9563041613213,2021-03-26,500,1143.600907020341,1352.7679587761065,1554.3598770342085,1179.2616600881734,1062.2224109200688,1045.8769219206101
388.4559822263857,2021-03-27,501,1115.3033382424449,1313.228369365667,1553.67899413867,1171.6456670497962,994.8457680507006,848.6506400123428
389.7537478117315,2021-03-28,502,1045.5170125622112,1292.5323572397524,1538.3837729234053,1171.656166711382,934.3365660268038,710.9815723521593
1095.9870311862335,2021-03-29,503,1025.9421643421658,1285.7764574397556,1521.4129477688914,1172.8130050812676,950.5016125427468,826.4832100023816
912.715830881883,2021-03-30,504,992.6917626622477,1257.1000636321778,1508.8635129072861,1174.740368497749,946.7230343766604,852.3529962662319
1035.5050598585108,2021-03-31,505,996.4207438727007,1255.339958119058,1490.3179037440698,1176.3185987841086,955.6012369248454,907.2986153439155
1045.7061291410578,2021-04-01,506,1010.3085812697315,1241.4600632805855,1481.3554191355952,1178.5615555129168,964.6117261464667,948.820869483058
521.9456802365174,2021-04-02,507,969.9366711306309,1236.1420113155618,1478.1355044067438,1178.6979865379055,920.3451215554718,820.7583127090958
1299.2488412586517,2021-04-03,508,950.9669675612172,1231.5072550508705,1448.2882740580526,1181.2467562558263,958.2354935257898,964.3054712739624
866.743651903807,2021-04-04,509,939.228389992379,1219.939045115366,1450.188486240299,1182.9987538217829,949.0863093635916,935.0369254629156
473.1406304786899,2021-04-05,510,917.0131876323078,1219.8396798514136,1426.9010270134875,1181.13357336198,901.4917414751014,796.4680369676478
261.70770777701136,2021-04-06,511,901.4601486192261,1207.9813479144689,1396.2049125465749,1177.121468910013,837.5133381052924,636.0399382104569
1054.6432133086969,2021-04-07,512,887.4891639325219,1199.5143241812111,1377.1915998921581,1179.7580175254113,859.2263256256329,761.6209207399288
256.62945891090794,2021-04-08,513,847.0557645997767,1174.7952252174462,1356.953027883741,1174.8806242270693,798.9666389541603,610.1234821912226
407.37710526377276,2021-04-09,514,834.733085552655,1174.1958830220983,1335.2393387199004,1173.3138716590472,759.8076855851216,549.2995691129877
654.45559334841,2021-04-10,515,833.113010175161,1159.5941341077637,1314.6543894409297,1172.9986452757726,749.2724763614505,580.8463763836144
490.22289392816435,2021-04-11,516,827.0133358160003,1133.8689319305493,1292.435708994874,1174.2941332912874,723.3675181181219,553.6593316469794
392.6951153968934,2021-04-12,517,798.3879688886187,1127.1734531363757,1247.1426911084966,1172.7945612331114,690.3002778459991,505.3700667719536
176.95484452245745,2021-04-13,518,761.415180174246,1114.7140244238033,1239.2927291194746,1169.9465134639236,638.965734513645,406.8455000971047
1317.0242510096623,2021-04-14,519,772.9178271102738,1111.7934234230208,1230.4392411667488,1174.7139475709155,706.7715861632468,679.899125370872
629.4313504750759,2021-04-15,520,776.4667293214848,1104.012877635152,1231.94171358519,1175.4516388316088,699.0375625944297,664.7587929021331
746.4688407734617,2021-04-16,521,781.8012509421641,1110.724641781898,1225.0803912431502,1177.0822963298233,703.7806904123329,689.2718072635316
519.4101575749647,2021-04-17,522,765.124491603537,1115.7062643355566,1214.7713095834845,1177.4580883298183,685.3436371285961,638.3133123569615
2152.139895648209,2021-04-18,523,804.4804433348703,1138.2744720172639,1227.8606145751846,1186.9629155799616,832.0232629805575,1092.4612873443357
212.06381622661877,2021-04-19,524,795.247300872333,1116.7911851340039,1208.3401933468683,1184.9550755407956,770.0273183051637,828.3420460090206
1072.8910285690108,2021-04-20,525,798.5061746786462,1108.8700588630184,1191.915954631721,1187.3001451435287,800.3136893315484,901.7067407770176
897.1934077437057,2021-04-21,526,792.4832978679434,1098.370006772018,1175.9599912530798,1190.8309737546765,810.0016611727642,900.352740867024
2274.921246740512,2021-04-22,527,832.8314602010154,1104.7468993027444,1187.9874224129328,1202.7855562705413,956.493619729539,1312.7232926290703
1423.8992628820492,2021-04-23,528,834.2274277170744,1070.5290069118378,1197.5759480994327,1206.80668805907,1003.23418404479,1346.076083704964
1651.856792867687,2021-04-24,529,851.4048290704025,1031.7623829443694,1198.3474436447532,1211.7099210246768,1068.0964449270798,1437.810296453781
862.2676759782061,2021-04-25,530,849.4485414642985,996.524724242321,1184.9948196721675,1209.8041645282906,1047.5135680321923,1265.1475103111084
913.2791785609402,2021-04-26,531,866.9426480087836,991.1229931256154,1164.4664622467028,1210.1146142003163,1034.090129085067,1159.5870107860578
1029.7199835341914,2021-04-27,532,888.274855866199,966.8959342142061,1157.7798567818982,1214.4334471898546,1033.6531145299793,1120.6269026104978
920.896240656578,2021-04-28,533,882.4384961818772,954.1903302620226,1151.3304703537933,1217.7394877220568,1022.3774271426391,1060.7077040243219
819.6282256345008,2021-04-29,534,879.3355760069644,936.0136693346071,1131.1785677571038,1218.6910469483626,1002.1025069918254,988.3838605073755
947.0017611447881,2021-04-30,535,876.3854660498403,936.4031049612715,1129.0217940959826,1219.7111328422714,996.5924324071217,975.9692306985992
919.0092590968177,2021-05-01,536,872.1622370483656,941.2354091590497,1118.3607878698426,1221.0466263590965,988.8341150760913,958.8812392180646
1151.684898590169,2021-05-02,537,893.1535443268207,931.545107728727,1121.812522319312,1223.3987904907578,1005.1191934274991,1016.7223370296958
1664.2078886191384,2021-05-03,538,905.3188459055035,928.1429067333615,1122.7777853357454,1229.8168021312727,1071.028062946663,1210.9680025065286
2003.0631976764457,2021-05-04,539,943.1961640979248,941.2122770451532,1127.6914181095494,1233.8616016209783,1164.2315764196414,1448.5965610575035
393.07174238584025,2021-05-05,540,940.5272011614965,928.7701943969033,1126.735520288105,1230.536869370597,1087.1155930162613,1131.9391154560044
520.095512217071,2021-05-06,541,949.1401279761651,925.3001382976967,1121.7009412683649,1227.3631358790392,1030.4135849363422,948.3860344843243
509.25354378505585,2021-05-07,542,930.9604723253772,909.2248181289506,1109.996373562597,1226.062443307835,978.2975808212136,816.6462872745437
1229.0298910371255,2021-05-08,543,963.3738200629176,905.2147923313482,1104.3214234992672,1230.8878821027365,1003.3708118428049,940.3613684033182
958.9646457180093,2021-05-09,544,981.7600714113922,908.2465784820247,1110.0506124851936,1234.5662243895626,998.9301952303254,945.9423515977255
1385.7275430210725,2021-05-10,545,1006.1358030671475,919.6244066211553,1108.4413570942222,1241.4480282358948,1037.6099300094002,1077.8779090247297
1258.116857199488,2021-05-11,546,1031.732268509525,929.3728021627637,1099.8233774568719,1243.9796012478346,1059.660622728409,1131.9495934771571
1447.7945872873843,2021-05-12,547,1066.9022509058748,932.6451098972478,1107.0830523928726,1249.908604101198,1098.4740191843066,1226.7030916202252
1491.6704821662554,2021-05-13,548,1110.7261054940013,936.0706428341248,1113.3847181138665,1257.8339814966394,1137.7936654825016,1306.1933087840341
785.7937914589592,2021-05-14,549,1093.0184235089775,932.968125309627,1105.5350901183372,1259.5054720033952,1102.5936780801474,1150.0734535865115
1663.101658955105,2021-05-15,550,1127.474100458312,951.9704148898996,1111.8332852428694,1265.2210479356086,1158.644476167643,1303.9819151970896
795.2011688338667,2021-05-16,551,1129.0985113936588,955.4498811679127,1116.8492649858156,1265.4184652431284,1122.3001454342655,1151.3476912881226
1645.9177958271357,2021-05-17,552,1166.6487660020643,965.886628802802,1132.6870982243897,1272.392729779216,1174.6619104735526,1299.7187226498265
1655.9797691654287,2021-05-18,553,1150.110095119305,977.295269227089,1142.2196797179413,1277.0891548484028,1222.79369634274,1406.5970366045071
3687.9828694603293,2021-05-19,554,1265.9740635604287,1030.6106822163822,1166.5188112761425,1293.5161823506057,1469.312613654499,2091.0127864612537
1359.015077964444,2021-05-20,555,1275.51153187361,1037.0088532761295,1164.4172165332127,1299.1623710525994,1458.2828600854934,1871.4134739122107
3304.5167407079566,2021-05-21,556,1355.7556429724184,1074.119470420182,1184.1652188388155,1306.4104376556306,1642.9062481477397,2301.3444539509346
2475.083031967701,2021-05-22,557,1362.4277024799917,1097.6295813405045,1190.6405003618238,1313.1911433900323,1726.1239265297359,2353.4660273559643
2292.9733005386456,2021-05-23,558,1391.3968370685448,1112.8121323928108,1177.4849502974039,1317.6533273375976,1782.808863930627,2335.318209310769
1734.9249113109574,2021-05-24,559,1394.165774349987,1122.7853017101959,1152.5635134129056,1319.3763794914935,1778.02046866866,2155.2002199108256
712.6467196650809,2021-05-25,560,1389.1784091395496,1119.3134753019253,1127.4092858747276,1317.5347956093358,1671.483093768302,1722.4341698371022
720.3059257700136,2021-05-26,561,1382.7459673798521,1124.844307694319,1121.6639845436912,1320.5716566306166,1576.3653769684734,1421.7956966169754
916.5026208015254,2021-05-27,562,1378.9720552887634,1133.6234555774822,1104.2546412390554,1320.806627727686,1510.3791013517787,1270.2077738723403
1352.761868538898,2021-05-28,563,1393.367576218174,1137.9030362000267,1100.5827455807366,1324.569724911502,1494.6173780704908,1294.9740022723076
458.25067651078336,2021-05-29,564,1381.32165791405,1130.3286169605085,1084.449665527752,1321.3710429133562,1390.98070791452,1043.9570045438504
859.5417004900523,2021-05-30,565,1378.406322558892,1127.3958943043676,1083.7375108271422,1321.9413705816094,1337.8368071720731,988.632413327711
1164.4733863139174,2021-05-31,566,1386.5884601327955,1129.3753485905816,1089.6864261502953,1325.8416859316303,1320.5004650862575,1041.3847052235728
524.3624920746173,2021-06-01,567,1365.6777132489437,1129.4156287878834,1076.2559762354629,1320.7113078182288,1240.8866677850936,886.2780412788861
928.0218800917978,2021-06-02,568,1341.1381796313658,1123.2285127684358,1065.80799769936,1323.234005177601,1209.600189015764,898.8011929227596
1170.9509231880716,2021-06-03,569,1313.4011038150866,1128.2986339565068,1065.2752193017946,1321.5463712728656,1205.735262432995,980.4461120023532
1622.1473124399795,2021-06-04,570,1354.370289483558,1147.448745322528,1070.6368927591184,1330.1094675512406,1247.3764674336933,1172.956472133641
1028.2388671692893,2021-06-05,571,1371.3084013152986,1160.224264645733,1073.969559303561,1331.557747089971,1225.4627074072528,1129.5411906443355
1186.9894231489643,2021-06-06,572,1393.8995972940959,1162.4300348097374,1070.7830778506627,1328.8314036995505,1221.6153789814239,1146.7756603957241
497.6418397150993,2021-06-07,573,1369.5199955833616,1166.4469078231407,1059.9831934153497,1328.0401031852925,1149.2180250547915,952.0355141915367
1287.8656199801355,2021-06-08,574,1380.4833613920991,1181.1217164017467,1065.6588394520465,1330.4453659089363,1163.082784547326,1052.7845459281161
245.69799340397196,2021-06-09,575,1342.4823764048624,1174.309089736006,1060.5770632157214,1330.155706719761,1071.3443054329905,810.6585801708729
848.320083080024,2021-06-10,576,1328.8224839342138,1180.2773762218703,1062.5226960865773,1331.5698496114398,1049.041883197694,821.9570310436183
438.12683385667765,2021-06-11,577,1295.1668921531902,1181.0345715295332,1053.4857039825586,1327.8039195439726,987.9503782635925,706.807971887536
557.7841007541173,2021-06-12,578,1264.0373461061188,1187.3817258000606,1045.3928772581194,1322.1146076994576,944.933750512645,662.1008105475104
1097.0296570528699,2021-06-13,579,1274.4118749592492,1183.7151492341143,1046.7827085261645,1321.571989168905,960.1433411666676,792.5794644991181
868.839331513284,2021-06-14,580,1247.9364640445217,1187.7052822514177,1050.6257646081035,1319.6377857518346,951.0129402013292,815.4574246033678
476.9493523588788,2021-06-15,581,1237.328070162022,1183.2132907778412,1049.4092774992791,1317.0528501441904,903.6065814170843,713.905002930021
719.6527072604491,2021-06-16,582,1206.452567209799,1186.5506666059327,1046.0752749384642,1311.2996230078882,885.2111940014207,715.6293142291494
448.98713583317766,2021-06-17,583,1166.2194794320574,1158.1647872756819,1040.270005962075,1309.1361539463576,841.5887881845964,635.6366607103578
682.6883143793193,2021-06-18,584,1066.0429942626904,1166.0085289115602,1042.4214528984814,1310.6661188519238,825.6987408040687,649.7521568110462
365.30820428304816,2021-06-19,585,1032.9194318066438,1154.2154818401277,1035.6457127862973,1304.4909464473012,779.6596871519666,564.4189710526467
1561.4212200447982,2021-06-20,586,974.8162477845385,1165.2859453784793,1041.0183962082974,1304.3515224340213,857.8358404412498,863.5196457502922
1173.9007399047446,2021-06-21,587,931.4435047157733,1146.9356035978828,1042.2342224655906,1299.8578193017179,889.4423303875993,956.6339739966279
425.62946890255597,2021-06-22,588,869.1987103279038,1130.2977736982245,1031.6076583711715,1294.4679533655194,843.061044239095,797.3326224684063
818.3010544992292,2021-06-23,589,838.6445817675127,1116.4051780587502,1028.0717283959646,1287.9006474517996,840.5850452651085,803.623152077653
535.5045085950165,2021-06-24,590,832.7398413985105,1110.9591252690302,1023.7889306674501,1289.0744038508337,810.0769915980993,723.187559032862
1040.9607085229043,2021-06-25,591,843.4283341569402,1113.0871507683962,1031.0389831818559,1292.3589886602674,833.1653632905798,818.5195038798747
1721.7279835984111,2021-06-26,592,870.269179583503,1124.6206174361332,1045.838696912819,1292.1112349181167,922.021625321363,1089.4820477954356
799.0694379063867,2021-06-27 00:00:00,593,851.8127652290859,1122.59017072363,1042.539612543043,1281.9762801559714,909.7264065798654,1002.3582648287208
1163.1431499509683,2021-06-28 00:00:00,594,875.3091810104254,1128.3154194622377,1045.3221383104774,1277.0928256088862,935.0680809169758,1050.593730365395
285.2544151980485,2021-06-29 00:00:00,595,856.1662715006919,1117.2862970297924,1036.9860200364724,1263.6519618902753,870.0867143450831,820.9919358151909
357.22165665496254,2021-06-30 00:00:00,596,829.25788051206,1107.9231703224282,1029.3361925644044,1255.3458058500041,818.8002085760711,681.8608520671223
1355.0991164526238,2021-07-01 00:00:00,597,856.9491013246602,1111.3134072868022,1038.5934529668057,1258.364478686779,872.4300993637264,883.8323313827727
644.1549854605809,2021-07-02 00:00:00,598,847.4868715036196,1094.312525567493,1031.314632346827,1239.8014532024442,849.6025879734119,811.9291276061151
876.5280859501164,2021-07-03 00:00:00,599,837.6727769290211,1075.536940372054,1031.423348280675,1240.8059172604915,852.2951377710823,831.3088151093154
201.75216900062753,2021-07-04 00:00:00,600,790.3262721477095,1072.3482808156339,1028.4079209309189,1227.6544739722074,787.2408408940369,642.4418212767091
186.29294535441343,2021-07-05 00:00:00,601,762.2614080872136,1066.7849047012562,1027.5699791262234,1211.8874458364032,727.1460513400746,505.5971585000203
222.3070016655082,2021-07-06 00:00:00,602,730.1053273710984,1062.0024623325974,1018.3217989968547,1197.7566994445106,676.6621463726179,420.61011144966665
174.07868792414124,2021-07-07 00:00:00,603,719.3198889780665,1044.4199422807142,1017.4045682081128,1187.178798045931,626.4038005277703,346.650684392009
922.4070410875329,2021-07-08 00:00:00,604,707.137936348313,1043.8106488702063,1023.1271230505989,1179.1832308852538,656.0041245837466,519.3775914006661
606.912689327931,2021-07-09 00:00:00,605,719.178426212445,1030.830401308654,1022.5988685614825,1168.6266290012104,651.0949810581651,545.6381207788455
370.5077731029892,2021-07-10 00:00:00,606,703.2513492132105,1016.0369165737123,1021.2687005523139,1156.8522047735983,623.0362602626476,493.0990164760886
304.7043009832656,2021-07-11 00:00:00,607,698.8039314507635,996.9854118019771,1020.291024836607,1133.716857972556,591.2030643347094,436.58060182824164
446.8320960882643,2021-07-12 00:00:00,608,695.105531295235,979.5714387006772,1023.2896609651159,1131.2911950422995,576.765967510065,439.65605010624836
472.60881620605124,2021-07-13 00:00:00,609,674.2915032670077,974.3516891131287,1013.9072672450758,1122.1732542059167,566.3502523796636,449.54187993618916
474.1493871079452,2021-07-14 00:00:00,610,661.1351717868296,954.5358179156759,1012.1819120965521,1122.0618128408753,557.1301658524918,456.924132087716
300.86347904725613,2021-07-15 00:00:00,611,655.2656426764422,946.2968564192324,1007.2307414107054,1116.155566326932,531.5034971719682,410.105936175578
261.54517233502,2021-07-16 00:00:00,612,639.9953915122612,923.2239793610305,1004.3655749080394,1109.5684422457662,504.5076646882734,365.5377070234106
518.7132463283726,2021-07-17 00:00:00,613,642.3195951954345,904.2695373137462,986.2163899155968,1107.0385022453947,505.92822285228334,411.49036881489917
405.5896687740523,2021-07-18 00:00:00,614,633.0829736752589,849.562983968975,988.3666771661236,1098.3534352565,495.8943674444602,409.7201588026451
469.2003357704583,2021-07-19 00:00:00,615,636.5460447248394,834.7327382657419,981.6590028016952,1086.7874787167123,493.22496427706005,427.5642118929891
597.8288481463028,2021-07-20 00:00:00,616,604.4262989948895,789.6212733897142,978.3327299172797,1077.1463605851839,503.68535266398436,478.64360276898316
925.8775838101202,2021-07-21 00:00:00,617,596.158860458402,763.8011825870879,963.3433558847197,1075.6653891488304,545.904575778598,612.8137970813242
560.4845641501354,2021-07-22 00:00:00,618,600.654030299988,734.9263703139461,953.7498592321427,1075.6629036657919,547.3625746157517,597.1150272019676
569.5191314328389,2021-07-23 00:00:00,619,592.3612995311084,715.5029406493109,941.7238852162,1070.0356644304807,549.5782302974603,588.8362584712289
242.9460902232976,2021-07-24 00:00:00,620,582.6093522520512,707.6745968252812,934.8425342633677,1059.9186769677717,518.915016290044,485.0692079968495
263.91963255495875,2021-07-25 00:00:00,621,556.7079830531197,700.0681586050302,927.6274281966345,1046.0469452216728,493.4154779165355,418.72433536428224
1234.6947501152902,2021-07-26 00:00:00,622,540.4735419370156,705.3713607602597,929.9049256030911,1043.842391192499,567.5434051364109,663.5154597895846
912.870552737085,2021-07-27 00:00:00,623,544.2669124313722,698.0398388302294,929.8157512928746,1040.573110823338,602.0761198964783,738.3219876738347
138.5373469444871,2021-07-28 00:00:00,624,510.11338566448944,692.7112833374579,922.2480748629855,1026.713321310049,555.7222426012792,558.3865954550304
67.02724483215337,2021-07-29 00:00:00,625,502.8391466522929,679.5027090764929,912.4705802372896,1020.7461871666403,506.8527428243666,410.97879026816724
973.9087025822006,2021-07-30 00:00:00,626,523.3953815165343,676.3266310142976,913.0805740537938,1015.7206809618226,553.5583388001501,579.8577639623772
267.0943381074207,2021-07-31 00:00:00,627,487.1285555716941,672.0388284481777,903.2517900484298,1012.5321561838753,524.9119387308772,486.02873620589025
