val,date
85.6324587926816,2017-12-18
177.95343034890658,2017-12-19
288.99854177392064,2017-12-20
94.33474300840338,2017-12-21
1289.5305344080218,2017-12-22
273.8243793274335,2017-12-23
230.55036565393883,2017-12-24
214.7659545300289,2017-12-25
96.90421214760772,2017-12-26
121.13708920336764,2017-12-27
234.18129288862565,2017-12-28
144.03554289560086,2017-12-29
270.6559677712808,2017-12-30
91.91849340521964,2017-12-31
172.54053446769043,2018-01-01
306.8159782237145,2018-01-02
237.37754369871936,2018-01-03
196.73423107068183,2018-01-04
171.97993849307574,2018-01-05
72.5792295829807,2018-01-06
227.438218476602,2018-01-07
330.4342318388545,2018-01-08
181.24170418805687,2018-01-09
347.77315414703327,2018-01-10
347.23725086782974,2018-01-11
204.62744927106263,2018-01-12
306.53011846781294,2018-01-13
274.2998966575146,2018-01-14
215.8549804693206,2018-01-15
717.8900678298295,2018-01-16
677.6189679409136,2018-01-17
282.8541531685077,2018-01-18
243.1232744150103,2018-01-19
222.1037802289216,2018-01-20
371.4574048301077,2018-01-21
364.6756918934324,2018-01-22
215.3516270308513,2018-01-23
211.89285651091248,2018-01-24
234.1100291360418,2018-01-25
197.5175086326071,2018-01-26
179.5950873818783,2018-01-27
302.7664653706941,2018-01-28
179.89800183544415,2018-01-29
302.12629787301694,2018-01-30
266.7348110600331,2018-01-31
296.8180785553239,2018-02-01
569.8411765642757,2018-02-02
286.958796673574,2018-02-03
335.5066119227137,2018-02-04
628.7232276963712,2018-02-05
649.7734542758635,2018-02-06
407.1207294709766,2018-02-07
328.8954494909739,2018-02-08
287.06715171899015,2018-02-09
360.09463160927214,2018-02-10
292.8839945938515,2018-02-11
233.82167809950155,2018-02-12
227.58215897094067,2018-02-13
275.5252440707272,2018-02-14
177.81986827293318,2018-02-15
177.50090508957234,2018-02-16
203.52367583869503,2018-02-17
306.8317967088649,2018-02-18
168.3722981526495,2018-02-19
206.6011962787681,2018-02-20
211.1360612949374,2018-02-21
188.8104429979769,2018-02-22
203.0193906969025,2018-02-23
153.90738455991186,2018-02-24
61.09366141735665,2018-02-25
76.96758857923696,2018-02-26
118.86133131382876,2018-02-27
259.3273402567884,2018-02-28
185.87275858905548,2018-03-01
135.87421708675805,2018-03-02
97.7108405987982,2018-03-03
178.7837062531797,2018-03-04
91.49735711129593,2018-03-05
354.0897478218096,2018-03-06
568.641523574513,2018-03-07
558.1620523114759,2018-03-08
805.6488600817149,2018-03-09
427.055489977298,2018-03-10
429.0703768176773,2018-03-11
415.3048454082126,2018-03-12
317.75794804077594,2018-03-13
497.552142020461,2018-03-14
323.93187709162106,2018-03-15
312.93982373386973,2018-03-16
192.62523124241545,2018-03-17
1499.2865256831146,2018-03-18
520.3947713188696,2018-03-19
426.1024202190018,2018-03-20
342.95946570766256,2018-03-21
285.45086026914714,2018-03-22
228.4149630486108,2018-03-23
158.8562530924836,2018-03-24
98.01619081868785,2018-03-25
335.804712985849,2018-03-26
368.35267105557085,2018-03-27
264.7796666060201,2018-03-28
580.337852522949,2018-03-29
677.8275327830954,2018-03-30
415.2102557512752,2018-03-31
294.83491045951365,2018-04-01
189.01873524660903,2018-04-02
69.54255423983112,2018-04-03
327.7928202303537,2018-04-04
326.640786697282,2018-04-05
217.7600033549949,2018-04-06
145.4282125190616,2018-04-07
161.62077670127425,2018-04-08
478.447274413357,2018-04-09
305.9961648772828,2018-04-10
296.8708527957589,2018-04-11
813.7400868405147,2018-04-12
998.2101666002854,2018-04-13
532.0776460825483,2018-04-14
381.2496646646952,2018-04-15
383.98514963719646,2018-04-16
229.07339539689653,2018-04-17
265.60785747556093,2018-04-18
509.1193946984784,2018-04-19
657.474314053271,2018-04-20
636.5475539750298,2018-04-21
617.8609929404606,2018-04-22
385.7178526973129,2018-04-23
751.6479568179936,2018-04-24
1770.9708223629077,2018-04-25
767.139029616148,2018-04-26
575.9001287018843,2018-04-27
492.27474692626754,2018-04-28
574.5902070552321,2018-04-29
384.10097608275066,2018-04-30
610.9036891861498,2018-05-01
324.639499699806,2018-05-02
1204.7299385977012,2018-05-03
698.6973053785372,2018-05-04
590.5822053524256,2018-05-05
647.5858287900072,2018-05-06
733.5785878384951,2018-05-07
528.8043462769707,2018-05-08
451.8187025894324,2018-05-09
444.90721205101926,2018-05-10
647.035966540336,2018-05-11
674.5626941901097,2018-05-12
547.439761600422,2018-05-13
703.0593722699126,2018-05-14
375.4193035807551,2018-05-15
569.1157850060495,2018-05-16
303.3932977814914,2018-05-17
414.9591958096349,2018-05-18
219.46542627131984,2018-05-19
236.4039452011181,2018-05-20
110.6272282386499,2018-05-21
311.8116042766332,2018-05-22
440.3824705968549,2018-05-23
412.8674465042645,2018-05-24
532.4814791475306,2018-05-25
222.2529371568108,2018-05-26
264.1184363487922,2018-05-27
439.33414423713583,2018-05-28
177.6988257116848,2018-05-29
236.97599438722463,2018-05-30
220.65910144778888,2018-05-31
124.09191430264588,2018-06-01
212.1396065053684,2018-06-02
627.4639173981192,2018-06-03
571.66503804746,2018-06-04
708.7241867420549,2018-06-05
631.8734024617954,2018-06-06
527.2658847325572,2018-06-07
390.4867818347559,2018-06-08
422.49480063425545,2018-06-09
1216.369935729672,2018-06-10
1284.1930670696222,2018-06-11
676.0395899382305,2018-06-12
999.5936940682376,2018-06-13
1140.4111217389436,2018-06-14
752.990143538366,2018-06-15
690.1198553982433,2018-06-16
426.5032201206198,2018-06-17
416.2700130037928,2018-06-18
458.0188263484216,2018-06-19
373.07477988493366,2018-06-20
333.7856368410947,2018-06-21
967.7841493612376,2018-06-22
868.4888907734429,2018-06-23
793.415148448908,2018-06-24
723.1155459711208,2018-06-25
212.0123248821312,2018-06-26
658.1736308260946,2018-06-27
507.53385710507865,2018-06-28
384.3569495829303,2018-06-29
686.0769645623456,2018-06-30
557.1304411864436,2018-07-01
511.6569077894064,2018-07-02
507.8815569670758,2018-07-03
607.4087606773859,2018-07-04
723.4307631044885,2018-07-05
578.7517297633879,2018-07-06
426.3601730737108,2018-07-07
343.3274645986642,2018-07-08
353.63315257083246,2018-07-09
650.0023998557809,2018-07-10
273.4156846642392,2018-07-11
524.7260093527746,2018-07-12
482.912566966867,2018-07-13
514.0750093263742,2018-07-14
210.8218187702604,2018-07-15
368.7923882954362,2018-07-16
419.2840668536338,2018-07-17
573.9264427288616,2018-07-18
267.34575740254184,2018-07-19
160.82945887944345,2018-07-20
564.0571849907888,2018-07-21
261.2545335409162,2018-07-22
319.72752602369627,2018-07-23
632.09926051056,2018-07-24
537.8604665322806,2018-07-25
457.231854479734,2018-07-26
467.8213043342625,2018-07-27
205.78383875966543,2018-07-28
181.2116923726257,2018-07-29
320.1814522722738,2018-07-30
659.4657273845602,2018-07-31
512.3170831015456,2018-08-01
417.3654574937382,2018-08-02
261.43659867182896,2018-08-03
835.946480860934,2018-08-04
465.4268924350336,2018-08-05
294.8917332349378,2018-08-06
795.6100172481512,2018-08-07
1060.4632291681885,2018-08-08
528.5917711991816,2018-08-09
1258.843899702821,2018-08-10
1012.5747492036988,2018-08-11
429.4981596203183,2018-08-12
504.8546439977226,2018-08-13
723.5272093738944,2018-08-14
583.7142517039593,2018-08-15
218.85918036803807,2018-08-16
335.61044236811307,2018-08-17
444.2376523411942,2018-08-18
271.3661966548992,2018-08-19
307.4133961565716,2018-08-20
292.99763912500526,2018-08-21
443.9393434825359,2018-08-22
265.6552300762917,2018-08-23
249.16296922242043,2018-08-24
81.31735896143485,2018-08-25
91.98562956811006,2018-08-26
199.7373346483961,2018-08-27
660.668815136905,2018-08-28
228.30914615902552,2018-08-29
207.31899687915163,2018-08-30
209.70241123499449,2018-08-31
466.35450579585887,2018-09-01
307.72933435577187,2018-09-02
139.68104925707445,2018-09-03
156.17203177076885,2018-09-04
562.3535178422319,2018-09-05
731.5863985326536,2018-09-06
381.5078628180285,2018-09-07
535.4465996071359,2018-09-08
455.5080807192172,2018-09-09
414.0754040533903,2018-09-10
640.8314061869883,2018-09-11
1112.018919879132,2018-09-12
1393.4848972430475,2018-09-13
1284.7886727873672,2018-09-14
817.9282344420525,2018-09-15
545.3527481851881,2018-09-16
1023.4793388792,2018-09-17
758.8394612637443,2018-09-18
610.0924040427701,2018-09-19
521.7157439321487,2018-09-20
1020.5721390530132,2018-09-21
868.7865158494847,2018-09-22
541.451503093875,2018-09-23
530.6635662078384,2018-09-24
830.0570789462029,2018-09-25
857.0881645247055,2018-09-26
560.0708360469646,2018-09-27
450.9339884091759,2018-09-28
711.9271908601601,2018-09-29
496.2605357115971,2018-09-30
373.0760153106533,2018-10-01
272.1502260890896,2018-10-02
449.8077326757582,2018-10-03
316.19078867979897,2018-10-04
314.0264452340503,2018-10-05
157.49119193630676,2018-10-06
141.30923748278627,2018-10-07
226.23008233716564,2018-10-08
121.2873721931046,2018-10-09
163.99197821495673,2018-10-10
748.3768827306218,2018-10-11
497.47843975721554,2018-10-12
174.40044378156875,2018-10-13
206.7440241351226,2018-10-14
1097.9541198157206,2018-10-15
222.53555374812987,2018-10-16
261.806382351801,2018-10-17
202.7722351766905,2018-10-18
99.96562456285145,2018-10-19
254.33732078459224,2018-10-20
145.28612279702065,2018-10-21
44.89527460039408,2018-10-22
66.67877381117356,2018-10-23
166.06950226295703,2018-10-24
122.5845787367001,2018-10-25
43.71182274185738,2018-10-26
105.38515771738852,2018-10-27
76.79213543184264,2018-10-28
324.4131497480269,2018-10-29
260.1272683817181,2018-10-30
200.01030523666984,2018-10-31
201.02690648847755,2018-11-01
178.32289507390337,2018-11-02
160.64203438742172,2018-11-03
481.4780032065402,2018-11-04
301.5462886610087,2018-11-05
492.10187291776987,2018-11-06
445.8037471726132,2018-11-07
243.4711558257307,2018-11-08
254.5509711623612,2018-11-09
168.62671610733906,2018-11-10
142.0165909397883,2018-11-11
285.39267220231744,2018-11-12
128.07888380622327,2018-11-13
1418.9573095614935,2018-11-14
1422.4865744102715,2018-11-15
678.0125329616388,2018-11-16
360.454143373953,2018-11-17
274.8567214711612,2018-11-18
1707.9508573996304,2018-11-19
2668.4306010803352,2018-11-20
1573.3138701237806,2018-11-21
448.2852539150462,2018-11-22
1270.130482837406,2018-11-23
985.3610063467372,2018-11-24
1839.1893347718208,2018-11-25
1974.022785133798,2018-11-26
767.4003095610517,2018-11-27
1484.7099044195454,2018-11-28
1034.8563300648652,2018-11-29
582.6100212037596,2018-11-30
726.2077306397467,2018-12-01
345.54794800154724,2018-12-02
328.5394781451003,2018-12-03
464.2722802817249,2018-12-04
342.77231863844355,2018-12-05
738.0526470845203,2018-12-06
1351.792370559447,2018-12-07
924.540786007052,2018-12-08
534.5291894748364,2018-12-09
128.72259453714054,2018-12-10
270.2585592169792,2018-12-11
173.4136974448542,2018-12-12
175.07419643203167,2018-12-13
643.9537665017098,2018-12-14
290.04907242645294,2018-12-15
241.4052495991114,2018-12-16
692.9437564870962,2018-12-17
821.4368242668189,2018-12-18
818.7194475470029,2018-12-19
1196.9350450284064,2018-12-20
912.816341305602,2018-12-21
258.73353585912486,2018-12-22
1190.214677509389,2018-12-23
1717.0464310583332,2018-12-24
1337.8567683586707,2018-12-25
879.0280803680796,2018-12-26
748.9186000409638,2018-12-27
1550.7579100752885,2018-12-28
1167.4166637078197,2018-12-29
586.5238347431517,2018-12-30
390.9252627445528,2018-12-31
335.1135280195126,2019-01-01
547.4539940762021,2019-01-02
1093.6195060582784,2019-01-03
271.0044624968706,2019-01-04
577.4516235251454,2019-01-05
974.2263671459812,2019-01-06
624.1420711527535,2019-01-07
462.5631783877754,2019-01-08
400.6921310453275,2019-01-09
1145.4660200057235,2019-01-10
480.754514453818,2019-01-11
569.1954790628911,2019-01-12
320.42843368480044,2019-01-13
746.6524688960454,2019-01-14
387.6331346562914,2019-01-15
814.1610654431429,2019-01-16
713.3686939944961,2019-01-17
20.16312249387053,2019-01-18
292.4911697157091,2019-01-19
361.07261711428913,2019-01-20
310.11014568859275,2019-01-21
110.1865433375576,2019-01-22
187.3301852524677,2019-01-23
125.35349726937272,2019-01-24
244.05971758546573,2019-01-25
480.8347719194703,2019-01-26
661.0896540145704,2019-01-27
808.689643500957,2019-01-28
985.8159427135948,2019-01-29
649.9566015391548,2019-01-30
332.2582980807978,2019-01-31
627.4690843795256,2019-02-01
272.4423652836138,2019-02-02
712.0012454135929,2019-02-03
244.9832085502676,2019-02-04
147.2346327005207,2019-02-05
268.8432452937921,2019-02-06
200.23655459627955,2019-02-07
1180.790118802114,2019-02-08
552.4802269261224,2019-02-09
595.0932097201425,2019-02-10
482.8094895505126,2019-02-11
992.884882034752,2019-02-12
640.2740310760151,2019-02-13
68.1125398929447,2019-02-14
221.39442580972363,2019-02-15
353.5631302340227,2019-02-16
1221.1276158327198,2019-02-17
1682.427846316069,2019-02-18
672.0920177015428,2019-02-19
1102.8788262582857,2019-02-20
606.3681576757299,2019-02-21
446.1468597266544,2019-02-22
843.2803008278536,2019-02-23
1864.164437191816,2019-02-24
1024.466421096162,2019-02-25
862.0341979551617,2019-02-26
856.3400249625467,2019-02-27
706.3241172344405,2019-02-28
747.2060676543288,2019-03-01
894.1925845814079,2019-03-02
906.2522627123552,2019-03-03
463.6884347603581,2019-03-04
536.7387728794536,2019-03-05
411.3881962234125,2019-03-06
404.9115978250972,2019-03-07
573.784905047752,2019-03-08
667.4469244514919,2019-03-09
497.0397008492545,2019-03-10
369.2428634099075,2019-03-11
550.3983216102345,2019-03-12
495.5409030200745,2019-03-13
332.59534929760684,2019-03-14
446.1290362664134,2019-03-15
1061.1220801089823,2019-03-16
225.3504868866997,2019-03-17
447.8772235989394,2019-03-18
168.2091860245074,2019-03-19
231.147537166107,2019-03-20
636.8431713784919,2019-03-21
156.50030732457986,2019-03-22
307.07290225031136,2019-03-23
83.26166897348332,2019-03-24
211.145968143628,2019-03-25
562.3385833565471,2019-03-26
169.2247471913093,2019-03-27
160.78468671854966,2019-03-28
404.0293502856617,2019-03-29
841.114984339281,2019-03-30
437.448023296548,2019-03-31
602.2346602660622,2019-04-01
2976.900967402989,2019-04-02
4737.167286630879,2019-04-03
2252.1397554946943,2019-04-04
1648.1790602636336,2019-04-05
1493.0958347501432,2019-04-06
1213.0904577348008,2019-04-07
2229.3384708242047,2019-04-08
701.150735980677,2019-04-09
747.8628741756185,2019-04-10
1228.1985749868709,2019-04-11
896.8603630421344,2019-04-12
617.0356054803112,2019-04-13
287.6413294973187,2019-04-14
366.840074741314,2019-04-15
1038.985699069741,2019-04-16
102.89072138021557,2019-04-17
561.2633946994329,2019-04-18
513.5900503414362,2019-04-19
317.37178344486586,2019-04-20
879.527311619345,2019-04-21
1069.5215609314946,2019-04-22
846.5088544376903,2019-04-23
1227.8239423120394,2019-04-24
1270.5828378070698,2019-04-25
1023.6296145004092,2019-04-26
560.6314882426728,2019-04-27
620.9464884552768,2019-04-28
850.2858781797262,2019-04-29
567.3411042137769,2019-04-30
665.3726961750795,2019-05-01
729.6896462725934,2019-05-02
1326.5969735925328,2019-05-03
1218.150857353552,2019-05-04
567.0124508278085,2019-05-05
516.1029547286063,2019-05-06
1526.8711616042845,2019-05-07
1426.3073802468011,2019-05-08
1224.3132219766358,2019-05-09
1347.7951670912598,2019-05-10
4125.230156962784,2019-05-11
4564.316110131751,2019-05-12
3654.139320191571,2019-05-13
5473.25403268368,2019-05-14
5148.539104988677,2019-05-15
2942.209321912168,2019-05-16
3795.674411261354,2019-05-17
2961.986347512626,2019-05-18
3699.316571417945,2019-05-19
3315.279860037187,2019-05-20
2584.810624155274,2019-05-21
2924.322749284791,2019-05-22
2294.6061299407324,2019-05-23
1396.3421777031706,2019-05-24
1317.4680602056271,2019-05-25
2092.1230142104946,2019-05-26
2422.89164500254,2019-05-27
1233.669411015048,2019-05-28
1518.490815838043,2019-05-29
4118.363588644626,2019-05-30
2864.1080682448887,2019-05-31
2220.248412442744,2019-06-01
1725.9629121703888,2019-06-02
2643.361978958455,2019-06-03
4289.050112838501,2019-06-04
1753.8549313117412,2019-06-05
1521.6491195301928,2019-06-06
1663.596932727825,2019-06-07
1045.948745512709,2019-06-08
2340.824183828447,2019-06-09
1944.9023668818809,2019-06-10
1733.0913106839523,2019-06-11
2580.363353495969,2019-06-12
1796.855424904788,2019-06-13
1764.425911388585,2019-06-14
1770.1058236599797,2019-06-15
3111.4856061806536,2019-06-16
2172.3760356640323,2019-06-17
2016.574308376921,2019-06-18
927.6061181875856,2019-06-19
912.6396755513048,2019-06-20
3594.5852187481946,2019-06-21
3833.161396426804,2019-06-22
2712.4720446927163,2019-06-23
1943.660729009761,2019-06-24
1688.4482540719314,2019-06-25
5736.689228018329,2019-06-26
6024.34478973754,2019-06-27
2989.9971539525945,2019-06-28
4061.671119920889,2019-06-29
4601.231411314303,2019-06-30
4821.860745930074,2019-07-01
5286.748310855952,2019-07-02
2807.744898623209,2019-07-03
2371.955123126876,2019-07-04
1799.5657072707363,2019-07-05
2001.8260120982047,2019-07-06
2326.9548596580807,2019-07-07
2300.507027243384,2019-07-08
2389.9214167110613,2019-07-09
4281.405846377432,2019-07-10
5514.833202977804,2019-07-11
2122.3684106881574,2019-07-12
3047.5092913538388,2019-07-13
6423.0831117549,2019-07-14
6425.25609211266,2019-07-15
6450.8493541873,2019-07-16
4698.330433120719,2019-07-17
3966.125886657377,2019-07-18
2523.822172795322,2019-07-19
2696.4930823063773,2019-07-20
2112.892765910224,2019-07-21
2103.945332050655,2019-07-22
2033.265201376895,2019-07-23
3265.923874889298,2019-07-24
2189.457017254972,2019-07-25
1990.9147241398127,2019-07-26
1559.886028149849,2019-07-27
918.8482698019908,2019-07-28
1394.7484711925683,2019-07-29
1194.6704581304816,2019-07-30
1550.0975634572023,2019-07-31
1119.6296548323378,2019-08-01
1122.6938007599665,2019-08-02
1054.2610789319615,2019-08-03
934.5003066393992,2019-08-04
1915.295843267228,2019-08-05
2400.1049229515843,2019-08-06
1436.5275370013153,2019-08-07
1230.6706038976831,2019-08-08
1801.788432141044,2019-08-09
1580.807455939127,2019-08-10
958.7416023217924,2019-08-11
771.07197560323,2019-08-12
1390.6288122085527,2019-08-13
2417.831810561332,2019-08-14
3310.5437333975265,2019-08-15
1660.8067408116735,2019-08-16
1395.153018157195,2019-08-17
1800.3649118859548,2019-08-18
1476.714933494075,2019-08-19
1000.833368797398,2019-08-20
2089.7346777545754,2019-08-21
1493.1757099140843,2019-08-22
1284.5331190493291,2019-08-23
832.6530154763947,2019-08-24
1171.1141429319357,2019-08-25
481.3074925738978,2019-08-26
1046.68586125633,2019-08-27
1689.6219590689009,2019-08-28
2032.7410023411749,2019-08-29
1413.6307359994587,2019-08-30
989.6352868846426,2019-08-31
835.6893244747658,2019-09-01
1188.4107180375822,2019-09-02
1408.4627701319178,2019-09-03
1492.8552951778731,2019-09-04
1230.1574859691736,2019-09-05
1555.6496601401436,2019-09-06
1441.721420857801,2019-09-07
1470.2117648718945,2019-09-08
1670.773136843581,2019-09-09
1341.7158569094458,2019-09-10
1263.2858600211343,2019-09-11
611.5595652235138,2019-09-12
351.5162165950957,2019-09-13
741.7563437499676,2019-09-14
749.5981420506796,2019-09-15
1214.0992121666636,2019-09-16
1430.9666690935292,2019-09-17
1943.6773619658024,2019-09-18
2497.2591093218107,2019-09-19
1163.8538600549675,2019-09-20
1214.7251505784936,2019-09-21
1033.702719648447,2019-09-22
1607.6104200389009,2019-09-23
3774.0035668278433,2019-09-24
1178.112757051962,2019-09-25
1786.3158718887507,2019-09-26
1548.5392578561375,2019-09-27
1528.010061705006,2019-09-28
1359.554749897095,2019-09-29
1203.6811978212595,2019-09-30
1294.1346603568852,2019-10-01
868.9887361108958,2019-10-02
810.5711592381282,2019-10-03
771.915849003696,2019-10-04
1324.3394668409362,2019-10-05
1364.9054421857095,2019-10-06
2792.081766388269,2019-10-07
1804.5134036619293,2019-10-08
1348.0478957806918,2019-10-09
1642.7353881499205,2019-10-10
1608.208599456502,2019-10-11
1477.6657639387392,2019-10-12
924.0759023435164,2019-10-13
1028.6881445437402,2019-10-14
2057.0212676831134,2019-10-15
1292.522004356645,2019-10-16
1298.7206724657135,2019-10-17
1145.78669277352,2019-10-18
800.8478233025303,2019-10-19
687.7600413081211,2019-10-20
1030.7836440651795,2019-10-21
651.8929468273478,2019-10-22
2579.970942938281,2019-10-23
1406.7057837767277,2019-10-24
3499.818928341108,2019-10-25
5958.751980429527,2019-10-26
3180.537864258069,2019-10-27
2279.6287370305663,2019-10-28
1962.766400162232,2019-10-29
1784.8091003214015,2019-10-30
1509.6730968416546,2019-10-31
1117.5631469535908,2019-11-01
582.3657340782355,2019-11-02
1184.9425493657975,2019-11-03
556.8606636422002,2019-11-04
865.2532539855919,2019-11-05
641.6914078642587,2019-11-06
997.2319309151072,2019-11-07
622.3510263590452,2019-11-08
729.5214139203587,2019-11-09
996.7590743540366,2019-11-10
533.8281311341061,2019-11-11
874.4410206238607,2019-11-12
391.21526347480295,2019-11-13
1441.374954290034,2019-11-14
1480.8862608722168,2019-11-15
953.516360285016,2019-11-16
742.02825622317,2019-11-17
1072.5578853160846,2019-11-18
1275.5168243574687,2019-11-19
1123.8331459599422,2019-11-20
1288.4938442617338,2019-11-21
4549.738519284776,2019-11-22
2208.109577181476,2019-11-23
3486.840798772494,2019-11-24
4343.040586466404,2019-11-25
2420.1003815228923,2019-11-26
2547.806588657082,2019-11-27
1184.183065450701,2019-11-28
1259.5773168229894,2019-11-29
1529.2285309134284,2019-11-30
1039.425149801919,2019-12-01
291.0045987599032,2019-12-02
202.2224976748426,2019-12-03
1825.8840638265813,2019-12-04
1071.9018856800526,2019-12-05
255.6942939620536,2019-12-06
74.99434343614767,2019-12-07
144.2207011659965,2019-12-08
172.10432515292248,2019-12-09
120.18257627203248,2019-12-10
43.85150800974695,2019-12-11
148.55127011246768,2019-12-12
206.32736887090863,2019-12-13
33.78835182981944,2019-12-14
171.7434023223488,2019-12-15
112.3768625161058,2019-12-16
765.523603727222,2019-12-17
815.2996003692743,2019-12-18
89.73136288589627,2019-12-19
119.8253263600602,2019-12-20
54.40403895241878,2019-12-21
86.18774572719131,2019-12-22
130.64261547994457,2019-12-23
84.39740351606186,2019-12-24
151.77725691129976,2019-12-25
119.09116001182753,2019-12-26
72.37054250481852,2019-12-27
37.9279324832285,2019-12-28
134.17141068052177,2019-12-29
29.647700766159986,2019-12-30
70.85216942375027,2019-12-31
30.1047449419634,2020-01-01
250.27746163859803,2020-01-02
106.34513813429832,2020-01-03
143.74945836726317,2020-01-04
105.51360565188538,2020-01-05
50.57061010164267,2020-01-06
55.97549889069025,2020-01-07
166.86382031819258,2020-01-08
15.611741721555966,2020-01-09
327.6004551669482,2020-01-10
335.1753040055402,2020-01-11
46.15741028548197,2020-01-12
59.81523550324981,2020-01-13
342.38520286771245,2020-01-14
528.6907749495541,2020-01-15
250.53007230608665,2020-01-16
33.064613897267776,2020-01-17
28.330002436628927,2020-01-18
718.6768873086974,2020-01-19
186.6400739544073,2020-01-20
93.77918986772173,2020-01-21
80.35024498091401,2020-01-22
57.32396715583919,2020-01-23
95.29495042118728,2020-01-24
65.50422977767873,2020-01-25
309.6138139348223,2020-01-26
49.53145902484396,2020-01-27
1011.74616615914,2020-01-28
996.759332621311,2020-01-29
1262.050863242139,2020-01-30
1402.881432021291,2020-01-31
1499.295156546808,2020-02-01
1978.8664934903093,2020-02-02
699.4499681620173,2020-02-03
487.24061938794887,2020-02-04
1974.5882061007924,2020-02-05
2065.116346014701,2020-02-06
1404.008910917226,2020-02-07
1031.393642050897,2020-02-08
861.9534150771951,2020-02-09
1065.6355232118292,2020-02-10
1065.1224043572597,2020-02-11
2085.6325932425625,2020-02-12
1179.650640967658,2020-02-13
1342.1701234901889,2020-02-14
1411.9622643584223,2020-02-15
2087.4870337536854,2020-02-16
1814.340328021104,2020-02-17
1592.3529737796234,2020-02-18
1378.616632075502,2020-02-19
1577.9808285123734,2020-02-20
1078.9021413957616,2020-02-21
1017.1384129185918,2020-02-22
1164.325713219645,2020-02-23
1399.625553991274,2020-02-24
1042.795589345793,2020-02-25
1737.3477448127944,2020-02-26
551.4907357872244,2020-02-27
407.72762728398015,2020-02-28
254.13514918886608,2020-02-29
346.97771051177466,2020-03-01
175.9507674235888,2020-03-02
178.42665055963138,2020-03-03
174.25358804546602,2020-03-04
94.52241282558168,2020-03-05
117.02320670650472,2020-03-06
314.4024594445782,2020-03-07
307.3649825658337,2020-03-08
325.50764084946206,2020-03-09
161.48231539701973,2020-03-10
86.86078974521405,2020-03-11
327.33199384829163,2020-03-12
557.2435798886673,2020-03-13
220.25791263009475,2020-03-14
299.66980706958805,2020-03-15
313.9160880484633,2020-03-16
181.7038919646077,2020-03-17
61.300836422925485,2020-03-18
107.3265718308299,2020-03-19
78.6497495194033,2020-03-20
31.36909355000709,2020-03-21
197.293199987384,2020-03-22
106.53490912828438,2020-03-23
43.03673767144185,2020-03-24
64.23863155975751,2020-03-25
9.295484835477112,2020-03-26
133.53910682807592,2020-03-27
43.46892515236897,2020-03-28
116.71989165620025,2020-03-29
43.08589849887403,2020-03-30
58.14883681305998,2020-03-31
45.26783002721012,2020-04-01
131.1063218075646,2020-04-02
68.04737519053806,2020-04-03
36.69517192395314,2020-04-04
79.17021092470632,2020-04-05
214.70341719947112,2020-04-06
82.86505506166013,2020-04-07
95.8322347466804,2020-04-08
18.52672025245161,2020-04-09
58.36204509039438,2020-04-10
66.63083215712365,2020-04-11
80.48660086741953,2020-04-12
78.98098248354398,2020-04-13
32.86239620954876,2020-04-14
108.2445727228178,2020-04-15
117.14581011950447,2020-04-16
93.9639231832776,2020-04-17
189.0467534269776,2020-04-18
60.31656729963918,2020-04-19
43.52088653599972,2020-04-20
27.80311518665958,2020-04-21
131.3457174744972,2020-04-22
117.76214818712948,2020-04-23
106.75429197163264,2020-04-24
68.83493484575231,2020-04-25
16.214460697292726,2020-04-26
71.41336395067665,2020-04-27
52.11859167247777,2020-04-28
145.06181874581648,2020-04-29
308.6918732877856,2020-04-30
101.98851318020752,2020-05-01
82.36955143962525,2020-05-02
64.85822834950488,2020-05-03
278.05158465711577,2020-05-04
150.32535226773882,2020-05-05
130.30483906526456,2020-05-06
122.86815043326312,2020-05-07
290.53286297385654,2020-05-08
342.91912806345994,2020-05-09
327.7661668587011,2020-05-10
263.10873849011807,2020-05-11
58.6507320883423,2020-05-12
208.2659466739184,2020-05-13
22.526791229772808,2020-05-14
7.573990066284289,2020-05-15
5.103972679761962,2020-05-16
6.742404827106991,2020-05-17
8.338008354797486,2020-05-18
19.61192358478104,2020-05-19
23.085100481072423,2020-05-20
3.136267795510649,2020-05-21
5.759785969866659,2020-05-22
17.229884927153133,2020-05-23
14.82293645289219,2020-05-24
4.7800510639535005,2020-05-25
6.871163887893083,2020-05-26
19.77435316461729,2020-05-27
9.024040341741184,2020-05-28
27.49430643350548,2020-05-29
19.00395613239605,2020-05-30
14.159066704985054,2020-05-31
11.512898100894478,2020-06-01
3.9074471101427415,2020-06-02
7.761454447155306,2020-06-03
16.17538939317869,2020-06-04
18.92371419898573,2020-06-05
12.388107292145882,2020-06-06
21.379991426511307,2020-06-07
5.381670213936946,2020-06-08
10.340068441704451,2020-06-09
17.112371902305423,2020-06-10
10.028606262158698,2020-06-11
9.210408590220943,2020-06-12
14.535036250177484,2020-06-13
13.862155898344533,2020-06-14
3.41156693628664,2020-06-15
10.557199227124846,2020-06-16
4.423233647272096,2020-06-17
19.313529351317893,2020-06-18
17.017910168903484,2020-06-19
2.407594791379472,2020-06-20
17.191020538450513,2020-06-21
1.988834489752864,2020-06-22
5.395281800664954,2020-06-23
19.653301935785645,2020-06-24
2.8132635371752714,2020-06-25
46.881086289449534,2020-06-26
3.3377219027862464,2020-06-27
24.03938083218521,2020-06-28
13.13762916416803,2020-06-29
10.018251322935225,2020-06-30
16.363067038782287,2020-07-01
8.333987554420167,2020-07-02
29.23602452858928,2020-07-03
4.167303351647505,2020-07-04
5.44351424211071,2020-07-05
2.690476951953075,2020-07-06
6.434192811570018,2020-07-07
8.15339703567588,2020-07-08
3.320711770331012,2020-07-09
2.408383855409943,2020-07-10
18.739477795372363,2020-07-11
1.0833386412760824,2020-07-12
14.17907277269561,2020-07-13
10.388429686745312,2020-07-14
14.357774113887526,2020-07-15
9.124990091400724,2020-07-16
10.041171755799422,2020-07-17
8.154858533625044,2020-07-18
3.442119109440171,2020-07-19
5.890175398363732,2020-07-20
4.180120223105597,2020-07-21
6.921321186215626,2020-07-22
5.664993600434653,2020-07-23
13.03886739554358,2020-07-24
15.311553725424272,2020-07-25
5.967156374567692,2020-07-26
6.096858275002135,2020-07-27
4.356176776217636,2020-07-28
11.175082189114496,2020-07-29
4.23514047493224,2020-07-30
16.711704383875727,2020-07-31
43.00975629203192,2020-08-01
29.19807575932499,2020-08-02
32.337806690820194,2020-08-03
19.445347550760804,2020-08-04
6.519144234887841,2020-08-05
4.49759923140635,2020-08-06
7.15520336000226,2020-08-07
12.652172340392973,2020-08-08
9.858153336051926,2020-08-09
3.377591662064353,2020-08-10
4.562572769666082,2020-08-11
7.753528179593592,2020-08-12
10.060000916898112,2020-08-13
5.189333600048985,2020-08-14
3.550369711889934,2020-08-15
17.6309010953049,2020-08-16
3.775727564565875,2020-08-17
4.412577411831256,2020-08-18
1.7922935734862375,2020-08-19
5.573290569776845,2020-08-20
11.314588430701749,2020-08-21
10.0048547269337,2020-08-22
24.568664903709585,2020-08-23
8.765507189400434,2020-08-24
9.061442972576996,2020-08-25
2.872889780950039,2020-08-26
3.984159080961124,2020-08-27
7.877973161988184,2020-08-28
19.621065182024843,2020-08-29
10.182616836746025,2020-08-30
15.808992815110132,2020-08-31
4.630181414691176,2020-09-01
28.61299251631484,2020-09-02
19.446776595335542,2020-09-03
3.024824173267373,2020-09-04
9.257904267877418,2020-09-05
1.982152601938816,2020-09-06
6.082757271193647,2020-09-07
8.243996613935524,2020-09-08
12.067512109170176,2020-09-09
3.250280383334803,2020-09-10
13.605181888408575,2020-09-11
2.1719158104913,2020-09-12
6.909792994291945,2020-09-13
2.574444293806874,2020-09-14
1.3796121370565912,2020-09-15
5.767375170144016,2020-09-16
20.89668897480996,2020-09-17
16.03737672741047,2020-09-18
14.955177897311737,2020-09-19
8.18434667583063,2020-09-20
14.184530886200722,2020-09-21
3.6016618391381976,2020-09-22
10.832150293037364,2020-09-23
1.3952073475587623,2020-09-24
12.585017103619684,2020-09-25
7.57564153918742,2020-09-26
9.118180030419408,2020-09-27
11.399311702560574,2020-09-28
6.437595388304913,2020-09-29
12.305850118852856,2020-09-30
14.960697467219203,2020-10-01
9.368766283645966,2020-10-02
9.06551592468019,2020-10-03
4.506288671061162,2020-10-04
5.814238022588527,2020-10-05
9.988041057053186,2020-10-06
7.627121129223182,2020-10-07
1.553222311060701,2020-10-08
1.9957753201474249,2020-10-09
9.135668791733677,2020-10-10
5.99518619063035,2020-10-11
11.908133326595422,2020-10-12
10.478196719862702,2020-10-13
100.3593411029073,2020-10-14
26.248649505255507,2020-10-15
19.043446308573248,2020-10-16
14.215145784327834,2020-10-17
24.998844671910653,2020-10-18
8.79711257644654,2020-10-19
2.6345293869819706,2020-10-20
16.46458544935964,2020-10-21
28.38995265914337,2020-10-22
20.356015574607124,2020-10-23
5.033133389250874,2020-10-24
19.18792988484067,2020-10-25
30.220461230698564,2020-10-26
25.876137461036027,2020-10-27
6.2865282193992105,2020-10-28
51.089454523620375,2020-10-29
75.01633618696914,2020-10-30
96.42142582268248,2020-10-31
8.453509484197003,2020-11-01
13.82353853625346,2020-11-02
2.1463627786744777,2020-11-03
18.086984420649287,2020-11-04
10.958947620309488,2020-11-05
1.981936783512936,2020-11-06
9.075757978504289,2020-11-07
4.462264073283309,2020-11-08
2.9132437628511214,2020-11-09
9.483821664359782,2020-11-10
6.055016081549711,2020-11-11
1.1866121181238305,2020-11-12
6.314878442851895,2020-11-13
6.313561149637467,2020-11-14
14.895692924996675,2020-11-15
26.56312792436438,2020-11-16
8.021889824359176,2020-11-17
8.066849822769324,2020-11-18
4.644157890379457,2020-11-19
15.859465688354,2020-11-20
16.948064904648504,2020-11-21
9.886486830418082,2020-11-22
12.030890833313444,2020-11-23
8.679332197440798,2020-11-24
14.656225115744766,2020-11-25
2.863902683230974,2020-11-26
6.569107057782336,2020-11-27
10.556354869993298,2020-11-28
12.625401646596748,2020-11-29
8.16937762077438,2020-11-30
13.364083754081207,2020-12-01
10.99071982149911,2020-12-02
8.742836947019676,2020-12-03
20.878756348789285,2020-12-04
2.3991010726118738,2020-12-05
1.5529454775108145,2020-12-06
13.469357092746067,2020-12-07
9.081019411477255,2020-12-08
2.2151630070262134,2020-12-09
2.924820793173698,2020-12-10
9.673023227399058,2020-12-11
3.536409577357584,2020-12-12
12.168408765587394,2020-12-13
5.8165527507632975,2020-12-14
4.52961959328818,2020-12-15
4.729784001502441,2020-12-16
3.090681827243725,2020-12-17
6.785758628609727,2020-12-18
2.0476894232680665,2020-12-19
11.468599072313678,2020-12-20
4.976303137051628,2020-12-21
4.266626845804376,2020-12-22
28.11597233138926,2020-12-23
6.692966073336868,2020-12-24
11.291632446836532,2020-12-25
9.120345706853056,2020-12-26
16.180252221489948,2020-12-27
7.53711445325534,2020-12-28
10.381893330266555,2020-12-29
15.98516639364011,2020-12-30
8.465110363853865,2020-12-31
10.238064626831678,2021-01-01
9.245139523198317,2021-01-02
11.51399412223951,2021-01-03
2.3134213297309314,2021-01-04
4.17918073146155,2021-01-05
4.27486498552667,2021-01-06
6.570979222985913,2021-01-07
4.069098143608606,2021-01-08
1.9702424868497603,2021-01-09
8.810128570689015,2021-01-10
17.680269065025076,2021-01-11
3.9371018391434127,2021-01-12
13.031429136585809,2021-01-13
6.081987439831683,2021-01-14
39.60080677047069,2021-01-15
3.857971277859032,2021-01-16
10.708284507991854,2021-01-17
17.125639026292095,2021-01-18
21.476987865444748,2021-01-19
11.191495937773915,2021-01-20
2.5315024024723805,2021-01-21
6.323701882909087,2021-01-22
8.468075234426319,2021-01-23
9.283982149188546,2021-01-24
3.6644019853480008,2021-01-25
4.745446356256088,2021-01-26
9.983006320184405,2021-01-27
9.986574976178906,2021-01-28
11.110035876730164,2021-01-29
7.2512311449469795,2021-01-30
10.068230619047608,2021-01-31
4.622841656162408,2021-02-01
2.2320969755846702,2021-02-02
2.056724394127518,2021-02-03
2.190452509515469,2021-02-04
9.237542502544343,2021-02-05
14.989930673975516,2021-02-06
4.834505036240828,2021-02-07
1.508484433401532,2021-02-08
6.348187831197088,2021-02-09
10.516921683917108,2021-02-10
11.04176363058764,2021-02-11
32.40139565021959,2021-02-12
11.84685777328498,2021-02-13
15.497355535627506,2021-02-14
1.976395034532745,2021-02-15
5.468287257352114,2021-02-16
1.237106202490884,2021-02-17
5.297140718736412,2021-02-18
5.460126742374106,2021-02-19
7.54308472308933,2021-02-20
15.914116064853287,2021-02-21
6.602051260428227,2021-02-22
1.7166142760334713,2021-02-23
10.885283153024735,2021-02-24
6.179501507591942,2021-02-25
9.383178060209396,2021-02-26
4.491724745698235,2021-02-27
6.182161885703289,2021-02-28
5.148698976898161,2021-03-01
2.0831877938114323,2021-03-02
6.541301709740742,2021-03-03
1.5117966531865028,2021-03-04
1.1307946754671672,2021-03-05
2.715932969766567,2021-03-06
8.763006361457254,2021-03-07
8.053823544844414,2021-03-08
3.19564452006146,2021-03-09
2.9250116389757,2021-03-10
8.044264472817359,2021-03-11
8.865562953902574,2021-03-12
4.446891633600214,2021-03-13
9.191375653775696,2021-03-14
19.66123799551012,2021-03-15
14.021379172576378,2021-03-16
2.432433496551162,2021-03-17
9.26289374768357,2021-03-18
1.6564240802966097,2021-03-19
2.2021874187176085,2021-03-20
12.935252878455117,2021-03-21
1.2672329422019597,2021-03-22
1.0544200269438948,2021-03-23
7.71019932272004,2021-03-24
1.12572865823501,2021-03-25
2.315265184428909,2021-03-26
4.033391804924635,2021-03-27
3.8195753908368673,2021-03-28
20.65789876694627,2021-03-29
5.56189490887782,2021-03-30
5.503458552495685,2021-03-31
3.55775253642772,2021-04-01
4.635842484845962,2021-04-02
3.873765021637129,2021-04-03
4.961093483072196,2021-04-04
2.664133932905344,2021-04-05
6.197397490696832,2021-04-06
2.6450152275608265,2021-04-07
11.515533631697869,2021-04-08
4.144030232063416,2021-04-09
1.0,2021-04-10
11.905345499707307,2021-04-11
14.186354125223737,2021-04-12
4.396702858527349,2021-04-13
4.226952800573574,2021-04-14
13.297112945931728,2021-04-15
2.480660722948785,2021-04-16
13.619955738352369,2021-04-17
1.2824609838198289,2021-04-18
1.832106070430178,2021-04-19
1.9229692114011063,2021-04-20
6.511180089175698,2021-04-21
4.861058957245002,2021-04-22
2.562113866770406,2021-04-23
9.39469630251746,2021-04-24
15.194039519099835,2021-04-25
8.622104243617192,2021-04-26
2.20443154039414,2021-04-27
4.382334410261875,2021-04-28
4.053642719151853,2021-04-29
8.999467828430111,2021-04-30
7.618149763836194,2021-05-01
13.350642316026176,2021-05-02
2.256476379362845,2021-05-03
13.417621949732167,2021-05-04
10.33256873406492,2021-05-05
7.673308763514302,2021-05-06
5.414484899387901,2021-05-07
4.054737825303822,2021-05-08
2.203888108252015,2021-05-09
8.098068481843967,2021-05-10
3.958742279034106,2021-05-11
5.61888210254635,2021-05-12
9.869782926842117,2021-05-13
42.70134236180057,2021-05-14
46.404967319516544,2021-05-15
21.32818385032225,2021-05-16
8.465830949918702,2021-05-17
9.183800513666077,2021-05-18
6.110181711397862,2021-05-19
8.881540114937762,2021-05-20
44.4249247559311,2021-05-21
2.742224357752073,2021-05-22
4.633065821258882,2021-05-23
9.935556500137606,2021-05-24
13.76708523160914,2021-05-25
11.370252528159105,2021-05-26
19.529601755005483,2021-05-27
11.036114533222172,2021-05-28
15.06133929631315,2021-05-29
10.474959137635867,2021-05-30
5.752495338721755,2021-05-31
14.343285088804311,2021-06-01
11.659862475656205,2021-06-02
33.14096047525443,2021-06-03
5.711205286576374,2021-06-04
16.937321775767614,2021-06-05
11.997571487949886,2021-06-06
10.914481558751351,2021-06-07
18.31600206466468,2021-06-08
7.181050913996902,2021-06-09
19.2157604932747,2021-06-10
4.807666410617982,2021-06-11
21.41503366020282,2021-06-12
5.742848192053022,2021-06-13
5.047206116439206,2021-06-14
7.5756376723134435,2021-06-15
14.594639705496036,2021-06-16
7.14890389223311,2021-06-17
12.130351533935288,2021-06-18
10.308071340437271,2021-06-19
16.481168185370713,2021-06-20
4.624111583691438,2021-06-21
2.053330758433452,2021-06-22
4.589705888670546,2021-06-23
14.614717929598395,2021-06-24
12.703740703880417,2021-06-25
20.13832003737093,2021-06-26
10.2628702903402,2021-06-27
8.522351682882848,2021-06-28
7.978954266024851,2021-06-29
6.348007712949211,2021-06-30
1.1328379340372192,2021-07-01
8.615953161495234,2021-07-02
7.766157238458378,2021-07-03
9.432574420612111,2021-07-04
9.40331556914011,2021-07-05
2.930123929010821,2021-07-06
11.014222317563366,2021-07-07
1.2801644860249797,2021-07-08
8.642688491875614,2021-07-09
9.122159519478526,2021-07-10
113.29671474165228,2021-07-11
8.388167915041052,2021-07-12
1.965362433855484,2021-07-13
3.145953313183633,2021-07-14
3.009581183102432,2021-07-15
7.315346107336698,2021-07-16
10.217427246906254,2021-07-17
3.5776685902698024,2021-07-18
4.632917593045868,2021-07-19
2.5616829590861965,2021-07-20
6.178036532507861,2021-07-21
1.4319474712753997,2021-07-22
6.657491525699913,2021-07-23
10.021275565015449,2021-07-24
3.476926265580427,2021-07-25
4.894527646017774,2021-07-26
1.8438416624711351,2021-07-27
4.42791867167804,2021-07-28
3.944686914002791,2021-07-29
3.320203653206085,2021-07-30
6.038639969639906,2021-07-31
4.121843624460578,2021-08-01
2.777176973163698,2021-08-02
6.391813885005053,2021-08-03
7.593167398353064,2021-08-04
5.1949978077872965,2021-08-05
5.203911159766027,2021-08-06
4.568348197089691,2021-08-07
2.7087218807564803,2021-08-08
2.7214523731724336,2021-08-09
5.678485302292258,2021-08-10
2.399101953757865,2021-08-11
4.4833807923304665,2021-08-12
4.293552080743664,2021-08-13
3.830149135709926,2021-08-14
6.100082233900787,2021-08-15
3.43311881523122,2021-08-16
5.151251807134187,2021-08-17
8.713514556729917,2021-08-18
4.040604077026091,2021-08-19
4.180256445158521,2021-08-20
4.998649577193668,2021-08-21
8.260408872748867,2021-08-22
3.9946790913204566,2021-08-23
4.452141333210149,2021-08-24
4.198563733990654,2021-08-25
1.0,2021-08-26
2.131733591007027,2021-08-27
2.8843934627176786,2021-08-28
5.7425244574320375,2021-08-29
7.691046098530038,2021-08-30
92.82922652514532,2021-08-31
1.4257679165142365,2021-09-01
9.209852813171926,2021-09-02
2.194315792997004,2021-09-03
1.966673270306124,2021-09-04
2.632659363679267,2021-09-05
2.000000502227281,2021-09-06
4.0467482726651465,2021-09-07
5.326652070682728,2021-09-08
1.357021573380752,2021-09-09
1.0030499831580273,2021-09-10
1.5073836349080652,2021-09-11
11.400758404938324,2021-09-12
2.161044322834174,2021-09-13
6.339079673641376,2021-09-14
3.792605433690955,2021-09-15
10.81198827611971,2021-09-16
2.454676155059717,2021-09-17
2.012109951190845,2021-09-18
4.916051111348154,2021-09-19
3.9252925633795535,2021-09-20
6.530952310040154,2021-09-21
3.9610516710696895,2021-09-22
3.33006177250408,2021-09-23
3.1623801311798045,2021-09-24
24.94383527865341,2021-09-25
2.359785443195116,2021-09-26
4.169982624898437,2021-09-27
1.1672867980185804,2021-09-28
9.548817189574404,2021-09-29
4.19332872662432,2021-09-30
1.187071749037912,2021-10-01
1.0,2021-10-02
1.4670649596582592,2021-10-03
6.1555826576838095,2021-10-04
2.793291741282314,2021-10-05
2.087302433707847,2021-10-06
2.2176376484207694,2021-10-07
1.8884298891974087,2021-10-08
3.776911169615674,2021-10-09
1.1455092578730488,2021-10-10
1.2628704079983588,2021-10-11
2.9942958612855697,2021-10-12
7.006085711315109,2021-10-13
2.0,2021-10-14
4.673877067392489,2021-10-15
1.7615857571010922,2021-10-16
1.4400458516916068,2021-10-17
1.0,2021-10-18
19.40024330806778,2021-10-19
8.745396947557046,2021-10-20
8.032015398976652,2021-10-21
10.191776223912427,2021-10-22
13.530314239460733,2021-10-23
4.134043029279213,2021-10-24
3.321000969265889,2021-10-25
2.526996307459685,2021-10-26
7.665739318793147,2021-10-27
12.896975046463456,2021-10-28
7.987083947221404,2021-10-29
5.99987734295,2021-10-30
4.250211461361666,2021-10-31
3.4125932355815043,2021-11-01
3.948840663756181,2021-11-02
1.9128452674401824,2021-11-03
5.958416308623733,2021-11-04
3.964208826239015,2021-11-05
6.329148128950815,2021-11-06
2.541117511318171,2021-11-07
3.032003564469985,2021-11-08
5.465246777584277,2021-11-09
7.196995016359051,2021-11-10
3.1473924192174945,2021-11-11
7.804638924962764,2021-11-12
6.1538697721979885,2021-11-13
6.888946998001102,2021-11-14
6.222670789205049,2021-11-15
1.142458580264731,2021-11-16
3.6251590441266086,2021-11-17
4.3795469692079125,2021-11-18
8.05607379692582,2021-11-19
1.637440431461166,2021-11-20
7.537203102524894,2021-11-21
2.151426365889698,2021-11-22
7.634785836772569,2021-11-23
3.313342556237549,2021-11-24
1.2660402574287066,2021-11-25
2.33629342864128,2021-11-26
4.25926348420033,2021-11-27
1.4268747137186577,2021-11-28
2.2780645054110216,2021-11-29
1.0,2021-11-30
1.7479149387608832,2021-12-01
1.0,2021-12-02
1.4026867582967126,2021-12-03
1.0,2021-12-04
5.858597191495968,2021-12-05
1.0,2021-12-06
2.407041958349315,2021-12-07
1.5836308410948683,2021-12-08
2.639934959843789,2021-12-09
6.579168839700464,2021-12-10
3.1915647529439006,2021-12-11
5.096509507328611,2021-12-12
2.3439673146998548,2021-12-13
5.154880152202742,2021-12-14
1.9561461875039112,2021-12-15
1.0,2021-12-16
1.0,2021-12-17
2.4472353718445,2021-12-18
14.496969481817706,2021-12-19
4.306506534892874,2021-12-20
13.143195252821828,2021-12-21
1.9998989840776755,2021-12-22
1.0,2021-12-23
1.0,2021-12-24
1.0,2021-12-25
1.9965776539027804,2021-12-26
2.947016511444823,2021-12-27
1.0,2021-12-28
1.2119068754780842,2021-12-29
4.557108404937147,2021-12-30
1.4723980494213396,2021-12-31
1.0,2022-01-01
1.0,2022-01-02
3.7569568251877534,2022-01-03
3.3080046623908026,2022-01-04
1.9999955293351768,2022-01-05
1.0,2022-01-06
1.0,2022-01-07
2.0,2022-01-08
8.35119914911564,2022-01-09
1.0,2022-01-10
1.802881412468783,2022-01-11
1.0,2022-01-12
1.0,2022-01-13
1.0,2022-01-14
1.0,2022-01-15
1.0,2022-01-16
2.0,2022-01-17
1.0,2022-01-18
1.028228044416635,2022-01-19
2.555484839971124,2022-01-20
4.95693289029718,2022-01-21
3.0999122165798747,2022-01-22
3.3165946794169905,2022-01-23
1.0,2022-01-24
1.0,2022-01-25
1.0,2022-01-26
1.0,2022-01-27
4.8370267095603765,2022-01-28
1.4467694736375645,2022-01-29
2.375422064007579,2022-01-30
1.0,2022-01-31
1.0,2022-02-01
1.0,2022-02-02
1.0,2022-02-03
2.0,2022-02-04
2.827525216979284,2022-02-05
2.357417678304815,2022-02-06
1.0,2022-02-07
1.0,2022-02-08
11.552849565027214,2022-02-09
1.0,2022-02-10
2.758241678050467,2022-02-11
2.956871814353682,2022-02-12
1.9030224232592203,2022-02-13
9.416436581988208,2022-02-14
5.395282975329596,2022-02-15
2.201935026327576,2022-02-16
1.0,2022-02-17
1.0,2022-02-18
1.0,2022-02-19
6.315801036746342,2022-02-20
1.0,2022-02-21
1.0,2022-02-22
1.0,2022-02-23
2.2580339150926987,2022-02-24
1.0,2022-02-25
1.968111205161012,2022-02-26
2.468966918119156,2022-02-27
1.0,2022-02-28
1.46801073654914,2022-03-01
1.0,2022-03-02
2.4533068214478937,2022-03-03
1.1485382189933626,2022-03-04
9.242707905740296,2022-03-05
2.790411703512889,2022-03-06
1.020738779760646,2022-03-07
1.1391047954952394,2022-03-08
2.999991727999542,2022-03-09
5.5362575079745,2022-03-10
1.2536772429728589,2022-03-11
1.0,2022-03-12
2.2625540039992984,2022-03-13
1.0,2022-03-14
1.0,2022-03-15
1.0,2022-03-16
1.0,2022-03-17
1.0,2022-03-18
1.2287164461366995,2022-03-19
6.092731159581029,2022-03-20
1.0,2022-03-21
1.9963421556646448,2022-03-22
1.0,2022-03-23
1.0,2022-03-24
1.0,2022-03-25
2.510405754501241,2022-03-26
1.5206647576740688,2022-03-27
2.454657101823108,2022-03-28
7.2019350517817085,2022-03-29
2.225550591726401,2022-03-30
1.0,2022-03-31
1.0,2022-04-01
1.0,2022-04-02
1.0,2022-04-03
1.0,2022-04-04
1.0,2022-04-05
1.0,2022-04-06
2.0,2022-04-07
1.3688572466655382,2022-04-08
4.800315523256806,2022-04-09
7.050607607556202,2022-04-10
13.815587763041222,2022-04-11
1.0,2022-04-12
1.0,2022-04-13
3.132470215310782,2022-04-14
1.0005668186638912,2022-04-15
1.0,2022-04-16
1.0,2022-04-17
1.0795586908360053,2022-04-18
1.0,2022-04-19
2.070969178277112,2022-04-20
1.0,2022-04-21
1.1076218183458888,2022-04-22
1.0,2022-04-23
1.3827528480233615,2022-04-24
6.0,2022-04-25
1.0,2022-04-26
1.0,2022-04-27
1.173981385804166,2022-04-28
1.0,2022-04-29
1.0,2022-04-30
1.0,2022-05-01
2.5606102569450826,2022-05-02
1.0,2022-05-03
1.0,2022-05-04
1.0,2022-05-05
3.8481261133296334,2022-05-06
1.5380330056380005,2022-05-07
1.8082148182814308,2022-05-08
1.0,2022-05-09
3.99999780537885,2022-05-10
1.0,2022-05-11
1.9994993651781845,2022-05-12
2.0,2022-05-13
1.2327939593256174,2022-05-14
1.0,2022-05-15
1.0,2022-05-16
1.0,2022-05-17
1.0,2022-05-18
1.0,2022-05-19
1.0,2022-05-20
1.0,2022-05-21
30.40144852120219,2022-05-22
1.0,2022-05-23
1.5242131931225926,2022-05-24
4.779219349877616,2022-05-25
1.0,2022-05-26
1.0,2022-05-27
1.0,2022-05-28
1.148523266915013,2022-05-29
2.0,2022-05-30
1.0,2022-05-31
1.0,2022-06-01
1.0,2022-06-02
1.0,2022-06-03
1.0,2022-06-04
1.0,2022-06-05
1.0,2022-06-06
1.0,2022-06-07
1.0,2022-06-08
1.0,2022-06-09
4.999999999999999,2022-06-10
3.6291902834806606,2022-06-11
1.0,2022-06-12
1.0,2022-06-13
2.0467472537720868,2022-06-14
1.184370262986352,2022-06-15
1.0,2022-06-16
1.932239849069454,2022-06-17
1.0278735647428967,2022-06-18
4.62761007032028,2022-06-19
2.0460015065059305,2022-06-20
1.0,2022-06-21
1.0,2022-06-22
2.0,2022-06-23
1.0,2022-06-24
1.0,2022-06-25
1.820869119810658,2022-06-26
1.0,2022-06-27
3.5721741604054893,2022-06-28
1.0,2022-06-29
1.0,2022-06-30
1.145702917898691,2022-07-01
1.0570932369699555,2022-07-02
1.0,2022-07-03
3.5331480065917846,2022-07-04
1.0,2022-07-05
1.0,2022-07-06
1.0,2022-07-07
1.1407564061357964,2022-07-08
1.0,2022-07-09
2.140658552018172,2022-07-10
1.6517587156019529,2022-07-11
1.0,2022-07-12
1.5706138903442608,2022-07-13
2.248608862561039,2022-07-14
1.0,2022-07-15
1.0,2022-07-16
5.593971054802709,2022-07-17
3.0211088515673468,2022-07-18
1.0,2022-07-19
2.459401698297054,2022-07-20
1.7736647953947349,2022-07-21
4.763125506800374,2022-07-22
2.0,2022-07-23
1.0,2022-07-24
1.991000036337593,2022-07-25
1.0,2022-07-26
3.93612668251466,2022-07-27
4.550904741425943,2022-07-28
1.2237502182503608,2022-07-29
1.7697438884897438,2022-07-30
1.0,2022-07-31
1.0,2022-08-01
1.0,2022-08-02
1.8248579343927325,2022-08-03
1.0,2022-08-04
1.941687734055048,2022-08-05
1.0,2022-08-06
2.8127860151738813,2022-08-07
1.0,2022-08-08
1.0,2022-08-09
1.0,2022-08-10
6.086065328176321,2022-08-11
2.704787951573218,2022-08-12
1.0,2022-08-13
3.847077816962684,2022-08-14
3.998524460779095,2022-08-15
1.877772332166242,2022-08-16
1.0,2022-08-17
1.0,2022-08-18
2.5196151742337536,2022-08-19
3.0921213121968245,2022-08-20
3.026345740332501,2022-08-21
2.37472515786387,2022-08-22
1.0,2022-08-23
5.752383368156832,2022-08-24
3.982938215627897,2022-08-25
1.0,2022-08-26
1.0725655751820673,2022-08-27
1.0,2022-08-28
1.0,2022-08-29
1.0,2022-08-30
1.0,2022-08-31
1.0,2022-09-01
2.0,2022-09-02
2.998394018314724,2022-09-03
1.0,2022-09-04
1.9326318788992456,2022-09-05
2.8230519749471825,2022-09-06
1.0,2022-09-07
1.0,2022-09-08
2.0,2022-09-09
1.0,2022-09-10
2.146285321664605,2022-09-11
1.0,2022-09-12
1.0,2022-09-13
1.0,2022-09-14
1.0,2022-09-15
1.0,2022-09-16
1.0,2022-09-17
5.366809291020102,2022-09-18
1.0,2022-09-19
1.0,2022-09-20
1.0,2022-09-21
1.0,2022-09-22
2.290880911523353,2022-09-23
1.0,2022-09-24
1.0,2022-09-25
2.9998378194533064,2022-09-26
1.0,2022-09-27
1.0,2022-09-28
1.0,2022-09-29
1.0,2022-09-30
1.0,2022-10-01
4.171238692919531,2022-10-02
3.817766340559451,2022-10-03
1.0,2022-10-04
1.0,2022-10-05
1.2410428625251957,2022-10-06
2.512404379836217,2022-10-07
1.0,2022-10-08
1.0,2022-10-09
1.0,2022-10-10
1.0,2022-10-11
1.0,2022-10-12
1.0,2022-10-13
1.0,2022-10-14
1.0,2022-10-15
1.0,2022-10-16
1.0,2022-10-17
1.0,2022-10-18
1.0,2022-10-19
1.0,2022-10-20
1.0,2022-10-21
1.0,2022-10-22
1.0,2022-10-23
1.0,2022-10-24
1.0,2022-10-25
1.0,2022-10-26
1.0,2022-10-27
2.3859223067551607,2022-10-28
1.680850727462288,2022-10-29
2.0,2022-10-30
1.0,2022-10-31
1.0,2022-11-01
1.0,2022-11-02
1.0,2022-11-03
1.0,2022-11-04
1.0,2022-11-05
1.0,2022-11-06
1.0,2022-11-07
2.9434255879760496,2022-11-08
1.0,2022-11-09
1.0,2022-11-10
1.0,2022-11-11
1.0556199767311405,2022-11-12
1.0,2022-11-13
1.0,2022-11-14
1.0,2022-11-15
2.945487831646347,2022-11-16
1.0,2022-11-17
1.0,2022-11-18
1.0,2022-11-19
2.0570564005091625,2022-11-20
5.027568348038634,2022-11-21
1.0102533538095568,2022-11-22
1.0,2022-11-23
1.0,2022-11-24
1.0,2022-11-25
1.0,2022-11-26
1.0,2022-11-27
1.0312978402023425,2022-11-28
2.0570564005091625,2022-11-29
2.0570564005091625,2022-11-30
2.0570564005091625,2022-12-01
2.0570564005091625,2022-12-02
1.0,2022-12-03
1.0,2022-12-04
4.056641586817219,2022-12-05
3.3342367357535454,2022-12-06
1.0,2022-12-07
1.0,2022-12-08
1.0,2022-12-09
1.0,2022-12-10
1.0,2022-12-11
1.0,2022-12-12
1.0,2022-12-13
1.0,2022-12-14
1.0,2022-12-15
1.0,2022-12-16
1.0,2022-12-17
1.0,2022-12-18
2.0,2022-12-19
1.0,2022-12-20
1.0,2022-12-21
1.0,2022-12-22
2.0,2022-12-23
2.0570564005091625,2022-12-24
1.0,2022-12-25
1.0,2022-12-26
1.0,2022-12-27
1.2144118902547316,2022-12-28
1.0,2022-12-29
1.0,2022-12-30
1.0,2022-12-31
1.0,2023-01-01
1.0,2023-01-02
1.0,2023-01-03
1.0,2023-01-04
1.0,2023-01-05
1.0,2023-01-06
3.016803028824856,2023-01-07
1.0,2023-01-08
1.0,2023-01-09
1.0,2023-01-10
1.0,2023-01-11
1.0,2023-01-12
1.789206054602788,2023-01-13
4.166103142575159,2023-01-14
3.6407829540687846,2023-01-15
2.0,2023-01-16
2.0,2023-01-17
1.0,2023-01-18
1.0,2023-01-19
1.0,2023-01-20
1.0,2023-01-21
2.904977258653473,2023-01-22
2.0570564005091625,2023-01-23
1.0,2023-01-24
4.806320943431754,2023-01-25
3.056876067852944,2023-01-26
2.0570564005091625,2023-01-27
2.0,2023-01-28
1.0,2023-01-29
6.982028340892118,2023-01-30
1.0,2023-01-31
2.1755813889667346,2023-02-01
1.0,2023-02-02
1.0,2023-02-03
1.0,2023-02-04
2.0,2023-02-05
1.0,2023-02-06
1.5801992847045652,2023-02-07
2.0,2023-02-08
1.0,2023-02-09
1.0,2023-02-10
1.0,2023-02-11
1.0,2023-02-12
1.0,2023-02-13
1.0,2023-02-14
1.0,2023-02-15
1.0,2023-02-16
1.0,2023-02-17
1.0,2023-02-18
1.0,2023-02-19
1.0,2023-02-20
1.0,2023-02-21
1.0,2023-02-22
1.0,2023-02-23
1.0,2023-02-24
3.0566840992838293,2023-02-25
3.9896779887860734,2023-02-26
1.0,2023-02-27
1.0,2023-02-28
2.5329617533403432,2023-03-01
1.0,2023-03-02
1.0,2023-03-03
1.0,2023-03-04
1.0,2023-03-05
1.0,2023-03-06
1.0,2023-03-07
12.56075077172258,2023-03-08
3.056876067852944,2023-03-09
1.0,2023-03-10
1.0,2023-03-11
1.0,2023-03-12
1.0,2023-03-13
1.0,2023-03-14
1.0,2023-03-15
1.0,2023-03-16
1.0,2023-03-17
1.0,2023-03-18
1.0,2023-03-19
1.0,2023-03-20
1.0703573799192387,2023-03-21
3.471235627050295,2023-03-22
1.516700036523056,2023-03-23
1.0,2023-03-24
1.0,2023-03-25
2.0570564005091625,2023-03-26
1.0,2023-03-27
1.0,2023-03-28
1.0,2023-03-29
1.0,2023-03-30
2.999996988969928,2023-03-31
2.0,2023-04-01
1.0,2023-04-02
1.0,2023-04-03
2.0570564005091625,2023-04-04
3.0,2023-04-05
1.0,2023-04-06
1.0,2023-04-07
1.0,2023-04-08
1.0,2023-04-09
2.9405623266864933,2023-04-10
1.0,2023-04-11
1.0,2023-04-12
1.0,2023-04-13
1.0,2023-04-14
1.0,2023-04-15
1.0,2023-04-16
1.0,2023-04-17
1.0,2023-04-18
1.0,2023-04-19
1.0,2023-04-20
1.0,2023-04-21
1.0,2023-04-22
1.0,2023-04-23
1.0,2023-04-24
1.0,2023-04-25
1.0,2023-04-26
1.0,2023-04-27
1.0,2023-04-28
2.0,2023-04-29
1.0,2023-04-30
1.0,2023-05-01
3.0204925984535715,2023-05-02
2.0,2023-05-03
1.0,2023-05-04
1.0,2023-05-05
1.0,2023-05-06
1.0,2023-05-07
1.0,2023-05-08
1.0,2023-05-09
1.0,2023-05-10
1.0,2023-05-11
1.0,2023-05-12
1.0,2023-05-13
2.0,2023-05-14
1.0,2023-05-15
1.0,2023-05-16
1.0,2023-05-17
1.0,2023-05-18
1.0,2023-05-19
1.0,2023-05-20
1.0,2023-05-21
1.0,2023-05-22
1.0,2023-05-23
2.2395739068172724,2023-05-24
1.0,2023-05-25
1.0,2023-05-26
2.594482792137036,2023-05-27
1.0,2023-05-28
1.0,2023-05-29
1.0,2023-05-30
1.0,2023-05-31
1.0,2023-06-01
1.0,2023-06-02
4.956513233662318,2023-06-03
1.0,2023-06-04
1.0,2023-06-05
1.0,2023-06-06
1.0,2023-06-07
1.0,2023-06-08
1.0,2023-06-09
1.0,2023-06-10
1.0,2023-06-11
2.9981849596107177,2023-06-12
1.0,2023-06-13
1.0,2023-06-14
1.0,2023-06-15
1.0,2023-06-16
1.0,2023-06-17
1.0,2023-06-18
1.0,2023-06-19
1.0,2023-06-20
1.0,2023-06-21
1.0,2023-06-22
1.0,2023-06-23
2.885949228952005,2023-06-24
1.0,2023-06-25
2.136536325043205,2023-06-26
1.0,2023-06-27
1.0,2023-06-28
1.0,2023-06-29
1.0,2023-06-30
1.0,2023-07-01
1.0,2023-07-02
1.0,2023-07-03
1.0,2023-07-04
1.0,2023-07-05
1.0,2023-07-06
1.0,2023-07-07
1.0,2023-07-08
1.0,2023-07-09
1.0,2023-07-10
1.0,2023-07-11
1.0,2023-07-12
1.0,2023-07-13
2.0,2023-07-14
1.0,2023-07-15
1.0,2023-07-16
1.0,2023-07-17
1.0,2023-07-18
1.0,2023-07-19
1.0,2023-07-20
1.0,2023-07-21
1.0,2023-07-22
1.0,2023-07-23
1.0,2023-07-24
1.0,2023-07-25
1.0,2023-07-26
1.0,2023-07-27
1.0,2023-07-28
1.0,2023-07-29
1.0,2023-07-30
1.0,2023-07-31
1.0,2023-08-01
1.0,2023-08-02
1.0,2023-08-03
1.0,2023-08-04
1.0,2023-08-05
1.0,2023-08-06
1.0,2023-08-07
2.0,2023-08-08
1.0,2023-08-09
1.101963832714313,2023-08-10
2.0,2023-08-11
1.0,2023-08-12
4.0,2023-08-13
1.0,2023-08-14
1.0,2023-08-15
2.0,2023-08-16
1.0,2023-08-17
1.0,2023-08-18
1.0,2023-08-19
1.0,2023-08-20
1.0,2023-08-21
1.0,2023-08-22
1.0,2023-08-23
1.0,2023-08-24
1.0,2023-08-25
1.0,2023-08-26
1.0,2023-08-27
3.628071109481114,2023-08-28
1.0,2023-08-29
1.0,2023-08-30
1.0,2023-08-31
1.0,2023-09-01
1.0,2023-09-02
2.0,2023-09-03
1.0,2023-09-04
1.0,2023-09-05
2.0,2023-09-06
1.0,2023-09-07
1.0,2023-09-08
1.0,2023-09-09
1.0,2023-09-10
1.0,2023-09-11
1.0,2023-09-12
1.0,2023-09-13
1.0,2023-09-14
1.0,2023-09-15
1.0,2023-09-16
1.0,2023-09-17
1.0,2023-09-18
1.0,2023-09-19
1.0,2023-09-20
1.0,2023-09-21
1.0,2023-09-22
2.711511046582838,2023-09-23
1.0,2023-09-24
1.0,2023-09-25
2.0,2023-09-26
1.0,2023-09-27
1.0,2023-09-28
1.0,2023-09-29
1.0,2023-09-30
1.0,2023-10-01
1.0,2023-10-02
1.0,2023-10-03
1.0,2023-10-04
1.0,2023-10-05
1.0,2023-10-06
2.343356384266272,2023-10-07
6.4158840778948765,2023-10-08
4.95693813815699,2023-10-09
1.0,2023-10-10
1.0,2023-10-11
2.0,2023-10-12
1.0,2023-10-13
1.0,2023-10-14
2.518582121729903,2023-10-15
1.999994742627773,2023-10-16
2.0,2023-10-17
1.0,2023-10-18
1.0,2023-10-19
1.0,2023-10-20
1.0,2023-10-21
1.0,2023-10-22
1.0,2023-10-23
1.0,2023-10-24
2.764745804440813,2023-10-25
1.0,2023-10-26
1.0,2023-10-27
1.0,2023-10-28
1.0,2023-10-29
1.0,2023-10-30
1.0,2023-10-31
1.0,2023-11-01
1.0,2023-11-02
1.0,2023-11-03
1.0,2023-11-04
1.0,2023-11-05
1.0,2023-11-06
1.0,2023-11-07
1.0,2023-11-08
5.990375399422062,2023-11-09
1.0,2023-11-10
2.0,2023-11-11
1.0,2023-11-12
3.991179555217089,2023-11-13
1.0,2023-11-14
1.0,2023-11-15
2.0,2023-11-16
1.0,2023-11-17
1.0,2023-11-18
1.0,2023-11-19
1.0,2023-11-20
1.0,2023-11-21
1.0,2023-11-22
1.0,2023-11-23
1.0,2023-11-24
1.0,2023-11-25
1.0,2023-11-26
1.7016299807806805,2023-11-27
1.0,2023-11-28
1.0,2023-11-29
1.0,2023-11-30
1.0,2023-12-01
1.0,2023-12-02
1.0,2023-12-03
1.0,2023-12-04
1.0,2023-12-05
1.0,2023-12-06
1.0,2023-12-07
1.0,2023-12-08
1.0,2023-12-09
1.0,2023-12-10
1.0,2023-12-11
1.0,2023-12-12
1.0,2023-12-13
1.0,2023-12-14
1.0,2023-12-15
1.0,2023-12-16
1.0,2023-12-17
1.0,2023-12-18
1.0,2023-12-19
1.0,2023-12-20
1.0,2023-12-21
1.0,2023-12-22
3.870310904406281,2023-12-23
1.0,2023-12-24
1.0,2023-12-25
1.0,2023-12-26
1.0,2023-12-27
1.0,2023-12-28
1.0,2023-12-29
1.9999817830120672,2023-12-30
1.0,2023-12-31
1.0,2024-01-01
1.0,2024-01-02
1.0,2024-01-03
1.0,2024-01-04
1.0,2024-01-05
1.0,2024-01-06
1.0,2024-01-07
1.0,2024-01-08
1.0,2024-01-09
1.0,2024-01-10
1.0,2024-01-11
1.0,2024-01-12
1.0,2024-01-13
1.0,2024-01-14
8.679404811130892,2024-01-15
1.0,2024-01-16
1.0,2024-01-17
1.0,2024-01-18
1.0,2024-01-19
1.0,2024-01-20
1.0,2024-01-21
1.5070095979885938,2024-01-22
1.0,2024-01-23
1.0,2024-01-24
1.0,2024-01-25
1.0,2024-01-26
2.316587351388736,2024-01-27
1.0,2024-01-28
1.0,2024-01-29
1.0,2024-01-30
1.0,2024-01-31
1.0,2024-02-01
1.0,2024-02-02
2.1203912109542715,2024-02-03
1.0,2024-02-04
1.0,2024-02-05
1.0,2024-02-06
1.0,2024-02-07
1.0,2024-02-08
1.0,2024-02-09
1.0,2024-02-10
1.0,2024-02-11
1.0,2024-02-12
1.0,2024-02-13
1.0,2024-02-14
1.0,2024-02-15
1.0,2024-02-16
1.0,2024-02-17
1.0,2024-02-18
1.0,2024-02-19
1.0,2024-02-20
1.0,2024-02-21
1.0,2024-02-22
1.0,2024-02-23
1.0,2024-02-24
1.0,2024-02-25
1.0,2024-02-26
1.0,2024-02-27
1.0,2024-02-28
1.0,2024-02-29
1.0,2024-03-01
1.0,2024-03-02
1.0,2024-03-03
1.0,2024-03-04
1.0,2024-03-05
1.0,2024-03-06
1.0,2024-03-07
3.9855499282465887,2024-03-08
1.0,2024-03-09
2.123001237829856,2024-03-10
1.0,2024-03-11
1.0,2024-03-12
1.0,2024-03-13
1.0,2024-03-14
1.0,2024-03-15
1.0,2024-03-16
1.0,2024-03-17
1.0,2024-03-18
1.0,2024-03-19
1.0,2024-03-20
1.0,2024-03-21
1.0,2024-03-22
1.0,2024-03-23
1.9359312648966416,2024-03-24
1.2480102716785353,2024-03-25
1.0,2024-03-26
1.0,2024-03-27
1.0,2024-03-28
1.0,2024-03-29
1.0,2024-03-30
1.0,2024-03-31
1.0,2024-04-01
1.0,2024-04-02
1.0,2024-04-03
1.0,2024-04-04
1.0,2024-04-05
1.0,2024-04-06
2.042146294300756,2024-04-07
1.0,2024-04-08
1.0,2024-04-09
1.0,2024-04-10
1.0,2024-04-11
1.0,2024-04-12
1.0,2024-04-13
1.0,2024-04-14
1.998109938450888,2024-04-15
2.0,2024-04-16
1.0,2024-04-17
1.0,2024-04-18
1.0,2024-04-19
1.0,2024-04-20
1.0,2024-04-21
1.5736235530160947,2024-04-22
1.0,2024-04-23
1.0,2024-04-24
2.056792946767359,2024-04-25
1.0,2024-04-26
1.0,2024-04-27
1.0,2024-04-28
2.02052755426291,2024-04-29
1.0,2024-04-30
4.020475150282494,2024-05-01
1.0,2024-05-02
1.0,2024-05-03
1.0,2024-05-04
1.0,2024-05-05
1.0,2024-05-06
1.0,2024-05-07
1.0,2024-05-08
5.185369541448607,2024-05-09
1.0,2024-05-10
1.0,2024-05-11
1.0,2024-05-12
2.0,2024-05-13
1.0,2024-05-14
1.0,2024-05-15
2.0,2024-05-16
1.0,2024-05-17
1.0,2024-05-18
1.0,2024-05-19
1.0,2024-05-20
1.0,2024-05-21
1.0,2024-05-22
1.0,2024-05-23
1.0,2024-05-24
1.0,2024-05-25
1.0,2024-05-26
1.0,2024-05-27
1.0,2024-05-28
1.0,2024-05-29
1.0,2024-05-30
1.0,2024-05-31
1.0,2024-06-01
1.0,2024-06-02
1.599802777501009,2024-06-03
2.056792946767359,2024-06-04
1.0,2024-06-05
1.0,2024-06-06
1.0,2024-06-07
1.1923003630200262,2024-06-08
1.0,2024-06-09
1.0,2024-06-10
1.0,2024-06-11
1.0,2024-06-12
3.034597283439708,2024-06-13
1.0,2024-06-14
1.0,2024-06-15
1.3324562497316157,2024-06-16
1.0,2024-06-17
1.0,2024-06-18
1.0,2024-06-19
1.0,2024-06-20
1.0,2024-06-21
2.056792946767359,2024-06-22
3.675207797944159,2024-06-23
1.0,2024-06-24
1.0,2024-06-25
1.0,2024-06-26
1.0,2024-06-27
1.0,2024-06-28
4.528045536355218,2024-06-29
1.0,2024-06-30
1.0,2024-07-01
2.0,2024-07-02
1.0,2024-07-03
1.0,2024-07-04
1.0,2024-07-05
1.0,2024-07-06
1.0,2024-07-07
1.0,2024-07-08
1.0,2024-07-09
2.0,2024-07-10
1.0,2024-07-11
1.0,2024-07-12
1.0,2024-07-13
1.0,2024-07-14
2.64113196818976,2024-07-15
1.0,2024-07-16
1.0,2024-07-17
1.0,2024-07-18
1.0,2024-07-19
1.0,2024-07-20
1.0,2024-07-21
2.604324022274697,2024-07-22
1.0,2024-07-23
1.0,2024-07-24
1.0,2024-07-25
2.4515525477390323,2024-07-26
1.0,2024-07-27
1.0,2024-07-28
1.0,2024-07-29
1.0,2024-07-30
1.0,2024-07-31
1.0,2024-08-01
1.0,2024-08-02
1.0,2024-08-03
1.0,2024-08-04
1.0,2024-08-05
1.0,2024-08-06
1.0,2024-08-07
1.0,2024-08-08
2.056792946767359,2024-08-09
1.0,2024-08-10
4.527595627128003,2024-08-11
1.0,2024-08-12
2.0,2024-08-13
2.265990051945364,2024-08-14
1.0,2024-08-15
1.0,2024-08-16
1.202452254795223,2024-08-17
1.0,2024-08-18
1.0,2024-08-19
1.0,2024-08-20
1.0,2024-08-21
1.0,2024-08-22
1.0,2024-08-23
1.0,2024-08-24
1.0,2024-08-25
1.0,2024-08-26
1.0,2024-08-27
1.0,2024-08-28
1.0,2024-08-29
1.0,2024-08-30
1.0,2024-08-31
3.0137744680978,2024-09-01
1.0,2024-09-02
1.0,2024-09-03
1.0,2024-09-04
1.0,2024-09-05
6.559112180155498,2024-09-06
1.0,2024-09-07
1.0,2024-09-08
1.0,2024-09-09
1.0,2024-09-10
1.0,2024-09-11
1.0,2024-09-12
3.8274112849017135,2024-09-13
1.0,2024-09-14
1.0,2024-09-15
2.0,2024-09-16
2.0,2024-09-17
1.0,2024-09-18
1.0,2024-09-19
1.0,2024-09-20
2.0,2024-09-21
1.955766547237535,2024-09-22
1.0,2024-09-23
1.0,2024-09-24
1.0,2024-09-25
1.0,2024-09-26
1.0,2024-09-27
1.0,2024-09-28
1.0,2024-09-29
1.0,2024-09-30
1.0,2024-10-01
1.0,2024-10-02
1.0,2024-10-03
1.0,2024-10-04
1.0,2024-10-05
1.8680537784733435,2024-10-06
2.056792946767359,2024-10-07
1.0,2024-10-08
1.0,2024-10-09
1.0,2024-10-10
1.0,2024-10-11
2.02052755426291,2024-10-12
1.0,2024-10-13
1.0,2024-10-14
1.0,2024-10-15
1.0,2024-10-16
1.0,2024-10-17
1.0,2024-10-18
1.0,2024-10-19
1.0,2024-10-20
1.0,2024-10-21
1.0,2024-10-22
1.0,2024-10-23
1.0,2024-10-24
1.0,2024-10-25
1.0,2024-10-26
1.0,2024-10-27
1.0,2024-10-28
1.0,2024-10-29
1.0,2024-10-30
1.0,2024-10-31
1.0,2024-11-01
1.0,2024-11-02
1.0,2024-11-03
1.0,2024-11-04
1.0,2024-11-05
1.0,2024-11-06
1.0,2024-11-07
1.9856788361848177,2024-11-08
1.0,2024-11-09
1.0,2024-11-10
1.0,2024-11-11
1.0,2024-11-12
1.0,2024-11-13
1.0,2024-11-14
1.0,2024-11-15
1.0,2024-11-16
1.0,2024-11-17
1.0,2024-11-18
1.0,2024-11-19
1.0,2024-11-20
1.0,2024-11-21
1.0,2024-11-22
1.0,2024-11-23
1.0,2024-11-24
1.0,2024-11-25
1.0,2024-11-26
1.0,2024-11-27
1.0,2024-11-28
1.0,2024-11-29
1.0,2024-11-30
1.0,2024-12-01
1.0,2024-12-02
2.0,2024-12-03
1.0,2024-12-04
1.0,2024-12-05
1.0,2024-12-06
2.02052755426291,2024-12-07
1.0,2024-12-08
2.2026007070754297,2024-12-09
1.0,2024-12-10
1.0,2024-12-11
1.0,2024-12-12
1.0,2024-12-13
2.017552105189006,2024-12-14
3.061123633307004,2024-12-15
1.0,2024-12-16
2.352994252829093,2024-12-17
1.0,2024-12-18
1.0,2024-12-19
1.0,2024-12-20
1.0,2024-12-21
1.0,2024-12-22
1.0,2024-12-23
1.0,2024-12-24
1.447258144786081,2024-12-25
1.0,2024-12-26
1.0,2024-12-27
1.0,2024-12-28
1.0,2024-12-29
1.0,2024-12-30
1.0,2024-12-31
1.0,2025-01-01
2.0,2025-01-02
3.821870013702584,2025-01-03
1.0,2025-01-04
1.0,2025-01-05
1.0,2025-01-06
1.0,2025-01-07
1.0,2025-01-08
2.056792946767359,2025-01-09
1.0,2025-01-10
1.0,2025-01-11
2.017514432330747,2025-01-12
1.0,2025-01-13
2.5582412611824585,2025-01-14
1.9999977432352063,2025-01-15
1.8492659763467831,2025-01-16
1.0,2025-01-17
1.0,2025-01-18
1.0,2025-01-19
1.0,2025-01-20
1.0,2025-01-21
1.0,2025-01-22
1.0,2025-01-23
2.1821682879962667,2025-01-24
1.0,2025-01-25
2.454555595891148,2025-01-26
1.0,2025-01-27
1.0,2025-01-28
1.0,2025-01-29
1.0,2025-01-30
1.0,2025-01-31
1.0,2025-02-01
1.0,2025-02-02
1.0,2025-02-03
5.801521362806805,2025-02-04
1.0,2025-02-05
1.0,2025-02-06
1.0,2025-02-07
1.0,2025-02-08
1.0,2025-02-09
2.969746325340124,2025-02-10
1.416613345050911,2025-02-11
1.0,2025-02-12
1.0,2025-02-13
1.0,2025-02-14
1.0,2025-02-15
1.0,2025-02-16
1.0,2025-02-17
1.0,2025-02-18
2.0567929467673536,2025-02-19
1.0,2025-02-20
1.0,2025-02-21
1.3715348159907164,2025-02-22
1.0,2025-02-23
1.0,2025-02-24
1.0,2025-02-25
1.0,2025-02-26
1.0,2025-02-27
1.0,2025-02-28
1.0,2025-03-01
1.0,2025-03-02
1.0,2025-03-03
1.9999977432352063,2025-03-04
1.0,2025-03-05
1.0,2025-03-06
1.0,2025-03-07
1.2327720634038704,2025-03-08
1.0,2025-03-09
4.000000000000004,2025-03-10
1.0,2025-03-11
1.0,2025-03-12
1.0,2025-03-13
7.699637259367228,2025-03-14
1.0,2025-03-15
1.0,2025-03-16
1.0,2025-03-17
1.0,2025-03-18
2.0,2025-03-19
1.0,2025-03-20
1.0,2025-03-21
1.0,2025-03-22
1.0,2025-03-23
1.0,2025-03-24
1.0,2025-03-25
2.0,2025-03-26
1.0,2025-03-27
1.0,2025-03-28
1.0,2025-03-29
1.0,2025-03-30
1.0,2025-03-31
1.0,2025-04-01
1.0,2025-04-02
1.0,2025-04-03
1.0,2025-04-04
1.0,2025-04-05
1.0,2025-04-06
2.3663909697049563,2025-04-07
3.999913951605403,2025-04-08
2.0,2025-04-09
1.0,2025-04-10
5.036306891122057,2025-04-11
1.0,2025-04-12
1.0,2025-04-13
1.0,2025-04-14
1.0,2025-04-15
1.0,2025-04-16
1.0,2025-04-17
1.0,2025-04-18
1.0,2025-04-19
1.0,2025-04-20
1.0,2025-04-21
1.0,2025-04-22
1.0,2025-04-23
1.0,2025-04-24
1.0,2025-04-25
1.0,2025-04-26
1.0,2025-04-27
1.0,2025-04-28
1.0,2025-04-29
1.0,2025-04-30
4.042049662961808,2025-05-01
1.0,2025-05-02
1.0,2025-05-03
1.0,2025-05-04
1.0,2025-05-05
1.0,2025-05-06
1.0,2025-05-07
1.0,2025-05-08
1.0,2025-05-09
1.5648039054371663,2025-05-10
1.0,2025-05-11
1.0,2025-05-12
2.0,2025-05-13
1.0,2025-05-14
1.0,2025-05-15
1.0,2025-05-16
